,2_RfR 1,2_RfR 2,3_RfR 0,3_RfR 1,3_RfR 2,4_RfR 0,4_RfR 1,4_RfR 2,EWS_DaysToThreat,A.1_DikeIncrease 0,A.1_DikeIncrease 1,A.1_DikeIncrease 2,A.2_DikeIncrease 0,A.2_DikeIncrease 1,A.2_DikeIncrease 2,A.3_DikeIncrease 0,A.3_DikeIncrease 1,A.3_DikeIncrease 2,A.4_DikeIncrease 0,A.4_DikeIncrease 1,A.4_DikeIncrease 2,A.5_DikeIncrease 0,A.5_DikeIncrease 1,A.5_DikeIncrease 2,Expected Annual Damage,Dike Investment Costs,RfR Investment Costs,Evacuation Costs,Expected Number of Deaths Upstream Gelderland,Expected Number of Deaths Downstream Gelderland,Expected Number of Deaths Overijssel
0,0,0,0,0,0,0,0,0,3,1,6,4,0,5,6,4,5,7,4,4,5,5,0,0,805068803.7351617,471153386.0199404,0.0,10860.923703170607,0.07713608747578635,0.0,0.0
1,0,0,0,0,0,0,0,0,1,6,7,3,0,4,6,5,2,0,1,4,5,5,0,7,89090383.70471306,511853824.32862127,0.0,1607.7474668432474,0.021120209114886282,0.018698409964799264,0.0
2,0,1,0,0,0,0,0,0,3,7,1,1,9,1,0,8,1,4,1,1,5,4,0,2,6951836.480608226,483211899.7548388,61400000.0,432.9576162693632,0.0001678964205408447,0.0004097757184261327,0.0
3,1,1,1,0,0,0,0,0,3,3,0,0,0,1,0,1,4,3,0,5,6,2,2,0,36971749.42871704,239797418.0035688,600300000.0,2188.9658791510537,0.001753231938145988,0.005263608459870253,0.0
4,0,1,0,1,0,0,0,0,0,2,0,0,6,3,0,6,0,7,5,0,2,2,0,3,0.0,314874750.41701883,702800000.0,0.0,0.0,0.0,0.0
5,0,0,0,0,0,0,0,0,0,3,2,1,0,2,0,5,5,3,5,4,1,5,7,1,628880256.532409,419234475.8179298,84600000.0,0.0,0.48962753134171827,0.0,0.0
6,0,1,0,1,0,0,0,0,0,2,4,0,0,2,0,6,0,3,2,7,2,2,0,3,78658468.7048096,284794691.49755293,485000000.0,0.0,0.06137173016201264,0.0,0.0
7,0,0,1,0,0,0,0,0,0,3,0,0,0,5,0,4,0,6,6,7,1,1,0,0,79746084.14324097,228874293.82575718,321100000.0,0.0,0.03506478299058587,0.0648433737149832,0.0
8,0,1,0,0,0,0,0,0,0,7,6,1,4,0,5,8,0,4,1,8,5,5,0,0,5229773.896104155,463339556.53211516,30700000.0,0.0,0.0013991368378403724,0.002439505443942804,0.0
9,1,0,0,0,0,0,0,0,3,7,3,0,0,2,1,7,1,3,6,6,9,5,0,1,19448822.570459466,418363387.0775025,30700000.0,1143.8255511689379,0.002512354094847167,0.0,0.0
10,0,1,0,0,0,0,0,0,2,7,2,1,6,1,1,8,6,4,6,1,3,2,3,2,12219489.383669792,565037211.949463,30700000.0,675.9887535401729,0.0002098705256760559,0.0,0.0018165155334901417
11,1,1,0,1,0,0,0,0,0,5,3,0,2,1,0,4,0,1,1,6,1,3,2,0,28809545.295808997,325534092.9555891,351800000.0,0.0,0.00050371317570926,0.05254131799861144,0.0
12,1,1,1,1,1,0,0,1,4,4,0,0,1,0,4,4,0,0,6,6,6,2,6,0,938315.9913953841,285150810.74095607,1014200000.0,64.42232769983409,0.00011554566567383553,0.0,0.0
13,0,0,0,0,0,0,0,0,1,6,6,4,5,5,0,9,3,0,4,10,2,1,0,3,56467078.65181568,510819530.65862894,0.0,798.3471116456196,0.012916219174563915,0.0,0.0048673922980225545
14,1,0,0,0,0,0,0,0,3,7,3,0,0,3,0,3,1,0,7,6,7,5,0,1,126458368.93422157,334690560.16393316,30700000.0,6452.832972035658,0.0018919528291053277,0.02582667176173619,0.0
15,0,0,1,1,0,0,0,0,3,2,3,0,0,2,0,4,0,5,1,6,6,6,0,0,794547176.0487187,260184140.1072493,327000000.0,12381.39705401255,0.07119326664295988,0.006300067587449554,0.0
16,1,1,0,0,0,0,0,0,0,2,0,3,1,0,0,4,0,4,3,4,5,7,0,1,180357694.7591347,286386636.17805827,363800000.0,0.0,0.1257736507395467,0.0,0.0
17,0,1,1,0,0,0,0,0,0,4,4,0,0,1,0,3,1,0,1,5,7,2,0,7,61069550.08541736,297532648.92102563,351800000.0,0.0,0.018635351218581425,0.08265038139559987,0.0
18,0,0,0,0,0,0,0,0,0,6,6,0,4,0,7,7,0,3,1,8,3,5,5,0,52070000.03266243,451534173.0363425,0.0,0.0,0.03587838659601087,0.018869905576226267,0.0
19,1,1,0,1,0,0,0,0,3,0,0,3,0,1,0,1,3,0,5,6,5,2,3,0,1656183884.9748898,227876275.26565936,382500000.0,20674.86511873408,0.137041176189727,0.0,0.0
20,1,1,0,0,0,0,0,0,0,4,3,0,1,0,0,4,0,7,1,1,1,4,2,1,36567078.47139503,315185657.62233454,315200000.0,0.0,0.01513512935507539,0.037003844541384244,0.0
21,0,1,0,0,0,0,0,0,3,7,0,1,6,1,0,4,0,7,2,1,10,4,2,3,57390554.752563566,426575390.0116802,30700000.0,2655.905281827096,0.0003357928410816894,0.012555758720888991,0.0
22,0,0,1,0,0,0,0,0,3,6,0,0,1,2,0,0,7,5,2,0,4,3,0,0,548684961.9815131,261952893.79469,236500000.0,34298.43785546486,0.00061440282912631,0.1294085259148558,0.0
23,0,0,0,0,0,0,0,0,2,2,4,0,0,2,0,4,0,0,0,2,6,5,0,8,318521991.59563625,272450404.29522455,169200000.0,11292.430461618771,0.010073445849516433,0.0674297355339293,0.0
24,0,0,0,1,0,0,0,0,0,0,4,0,0,2,0,3,0,0,1,4,4,6,0,0,820210978.4877946,182954158.80229,321100000.0,0.0,0.5775149167885422,0.13749666516706555,0.0
25,0,1,0,0,0,0,0,0,0,6,0,0,1,2,0,0,0,7,8,1,4,1,4,0,700287573.3788116,274518011.4787102,146000000.0,0.0,0.005045043118358464,1.2216381158547838,0.0
26,1,1,0,0,0,0,0,0,0,8,0,4,0,2,1,2,0,0,7,4,7,2,0,7,166119609.89669067,366802857.3091986,61400000.0,0.0,0.0190530345865593,0.2643473001435107,0.0
27,0,0,1,1,0,0,0,0,3,6,0,0,3,2,0,3,0,7,2,7,7,5,0,0,53105743.85673957,296527729.3317722,442300000.0,2581.604851599911,0.0,0.012255373722391862,0.0
28,0,1,0,0,0,0,0,0,3,6,0,1,0,1,0,2,0,7,4,0,1,2,2,3,481449857.04857147,306444371.5957956,30700000.0,22062.397497506256,0.01103986477110379,0.08033021660533296,0.0
29,1,1,0,1,0,0,0,0,3,3,3,0,0,0,0,3,1,0,5,5,6,3,3,0,31161355.15968135,241415567.93120325,382500000.0,1390.9408749061436,0.0025784572007987723,0.0018808365728107718,0.0
30,0,0,0,0,0,0,0,0,3,2,4,0,0,2,0,4,5,1,0,4,5,5,0,5,145048156.59281436,320477966.1278921,169200000.0,6474.9419663421595,0.008058756679613144,0.017866828454813532,0.0
31,0,0,1,1,0,0,0,0,1,6,0,0,7,1,0,0,3,0,7,7,0,2,0,0,774135629.2259951,266500240.41175473,327000000.0,21362.157529043834,0.0,0.5337701829973562,0.0
32,0,1,1,0,0,0,0,0,3,3,1,1,1,0,0,5,0,4,4,2,4,1,0,0,670073971.9328706,269108904.29428786,236500000.0,9448.746232914345,0.06159478022944907,0.0,0.0
33,1,1,1,0,0,0,0,0,3,5,0,0,0,1,0,0,7,4,3,2,5,1,2,0,1716940423.279345,243058302.13641784,213300000.0,19192.191268482937,0.1430340057966819,0.0,0.0
34,1,0,0,1,0,0,0,0,3,2,0,3,0,0,0,3,0,3,0,6,4,0,4,1,184423458.51199865,219911860.35481954,485000000.0,2683.7820134996373,0.015524861585597384,0.0,0.0
35,1,1,0,1,0,0,0,0,0,6,4,0,2,0,0,2,0,0,2,7,2,2,5,0,81440124.05989161,283549127.0935196,569600000.0,0.0,0.0015111395271277801,0.1456784887147759,0.0
36,0,1,1,1,0,0,0,0,0,6,0,0,0,2,0,3,0,6,0,1,6,1,0,0,76027019.86984806,206837133.4389169,357700000.0,0.0,0.024221969210511552,0.09988417552231182,0.0
37,0,0,0,0,0,0,0,0,3,2,3,0,0,2,1,3,0,0,3,4,4,4,0,0,2131365547.873401,255226266.40160695,0.0,28420.23247081133,0.17232419491970014,0.020710038019563504,0.0
38,0,0,0,0,0,0,0,0,3,0,0,0,0,2,0,2,3,0,2,6,3,2,0,0,819408434.9319987,150298283.99102953,550900000.0,14662.2393675424,0.05752774123356554,0.023986295884418796,0.0
39,1,1,0,0,0,0,0,0,3,0,0,0,0,1,0,1,3,0,0,6,5,2,3,0,2560307022.540799,169736315.28880423,261300000.0,30822.809073591838,0.2042189530691173,0.00015343627062830935,0.0
40,0,0,0,0,0,0,0,0,0,2,0,7,0,2,0,4,0,3,2,1,0,6,1,7,1827047059.6439364,347938567.817612,0.0,0.0,1.288098162231431,0.018538732269778112,0.0
41,0,1,1,0,0,0,0,0,0,6,0,0,1,2,0,3,0,0,4,6,7,2,0,0,252969006.32534552,239069359.40264535,151900000.0,0.0,0.10763515978803262,0.19157508581507168,0.0
42,1,0,0,0,0,0,0,0,3,1,0,0,7,0,0,5,0,3,7,1,6,3,1,0,2559655239.6971784,260204084.8418699,199900000.0,30781.54762666262,0.2042189530691173,0.0,0.0
43,0,0,0,0,0,0,0,0,2,3,0,3,0,1,0,3,0,0,0,2,6,2,0,1,881665886.804275,226660588.2117302,169200000.0,34271.44853035706,0.010009630973768767,0.2195762304651638,0.0
44,0,0,0,1,0,0,0,0,1,5,0,3,3,2,0,3,0,4,1,7,4,6,0,0,303202799.2563193,326633136.83935267,290400000.0,7330.612791489053,0.00019024590408264517,0.20511106770425616,0.0
45,0,0,0,0,0,0,0,0,3,2,0,3,0,2,1,3,0,0,1,4,3,3,0,0,2498756765.8813376,247104988.5838423,0.0,31609.888743958443,0.2016143840427183,0.015388402135872597,0.0
46,0,1,1,0,0,0,0,0,3,7,0,0,0,2,0,0,0,4,6,6,1,5,0,0,1284502849.3831813,211481432.05220437,151900000.0,70774.64709618523,0.0034363236645317224,0.2644800630402864,0.0
47,0,1,0,0,0,0,0,0,0,7,0,0,1,2,0,7,0,4,0,3,4,2,0,2,22769782.50280155,294542026.74408096,115300000.0,0.0,0.0051700105478486615,0.002317598339875062,0.013520534161173764
48,0,0,0,0,0,0,0,0,4,2,0,0,0,2,0,2,0,4,5,5,6,5,2,0,2746874754.310899,241555221.16464734,84600000.0,47296.962424633784,0.20441994087553578,0.040491141021586886,0.0
49,0,1,0,0,0,0,0,0,0,7,4,0,1,2,0,7,1,7,1,1,5,2,0,3,12660322.801700886,400615002.3664081,30700000.0,0.0,0.006558769986537082,0.0032928905494833635,0.00135155170790218
50,0,0,0,0,0,0,0,0,3,2,4,0,0,2,1,3,0,0,7,2,5,5,0,0,1342773700.7328768,271540771.6847883,84600000.0,38327.124687433025,0.06941077500640658,0.12306545546471959,0.0
51,1,1,0,0,0,0,0,0,2,6,0,0,5,3,0,5,3,0,3,1,2,1,0,2,145920317.32993346,311534613.02262187,61400000.0,1805.8488703395228,0.016145273968204896,0.0,0.0
52,0,1,1,0,0,0,0,0,3,5,1,0,0,2,0,2,0,4,7,4,0,5,0,0,313432364.4479438,249077715.26652455,369700000.0,16287.581499075379,0.003908771189200313,0.060798853717964396,0.0
53,1,1,1,0,0,0,0,0,2,3,0,0,0,1,0,1,1,3,1,6,0,4,0,2,62772713.011177085,231968699.70722672,600300000.0,2708.2143194474143,0.0021915399226824853,0.01309112903194193,0.0
54,0,0,0,0,0,0,0,0,3,2,0,0,6,1,0,4,0,0,1,6,6,3,0,1,272375553.38646543,269796509.7956213,333100000.0,3275.49622264597,0.021731149371813877,0.0,0.0
55,0,0,0,0,0,0,0,0,3,2,7,4,3,3,0,4,0,3,3,0,0,1,1,0,900424796.1074202,389098736.3933744,0.0,15044.533107750402,0.07696819105524551,0.02034260945208588,0.0
56,0,0,0,0,0,0,0,0,0,1,0,0,0,2,0,3,0,0,0,4,4,6,0,0,2585475532.9880033,160770068.77871823,199900000.0,0.0,1.7018246089093112,0.045927677641424025,0.0
57,1,0,0,0,0,0,0,0,0,1,0,5,0,2,0,2,0,7,4,0,7,1,0,0,1863312612.4291039,241143812.0803232,61400000.0,0.0,1.318681570850103,0.0,0.0
58,1,1,0,0,0,0,0,0,4,10,0,0,0,2,0,1,0,4,3,5,6,6,2,0,383055732.3460578,296706497.93844014,61400000.0,24520.2252782779,0.0028917693245901314,0.07644471024898133,0.0
59,0,0,0,0,0,0,0,0,3,3,0,0,0,2,0,2,0,0,1,6,6,2,0,1,598915758.4762503,196894758.17255947,417700000.0,30574.919226529128,0.002966104227946396,0.12134056812141508,0.0
60,0,0,0,1,0,0,0,0,0,0,7,0,6,2,0,7,0,7,2,0,2,2,0,0,298406.9251557086,306835794.1825609,623500000.0,0.0,0.0,0.000185523067332066,0.0
61,0,0,0,0,0,0,0,0,2,0,0,3,0,2,0,3,3,3,3,2,3,2,0,0,1711465256.1807115,219816358.84180498,302400000.0,19166.74621580748,0.17207595186724223,0.015787364724757412,0.0
62,0,1,0,0,0,0,0,0,3,5,3,0,6,1,0,3,0,0,0,5,6,4,0,0,191349505.96321562,300366180.2231039,417700000.0,9333.907061398291,0.0,0.04140181133058671,0.0
63,1,0,0,0,0,0,0,0,3,6,0,2,1,2,0,2,3,0,4,4,6,2,0,1,275915959.506865,328477155.7277589,30700000.0,12027.475554139863,0.008610812783042609,0.0441509616252824,0.0
64,1,1,0,0,0,0,0,0,3,7,2,4,1,2,7,9,2,0,1,5,3,2,1,0,9394660.849752368,496703156.49365395,61400000.0,606.4644451854172,0.0007720563068456261,0.00027811180078500736,0.0
65,1,0,1,1,0,0,0,0,2,2,0,0,6,2,0,5,0,0,4,7,2,5,0,0,2782040.278916502,257776706.07281,690800000.0,104.46067966153318,0.0,0.0007765655060357764,0.0
66,0,0,1,1,0,0,0,0,1,2,0,0,0,2,0,4,0,3,1,7,8,5,0,6,278228631.7988316,260620387.57486776,544800000.0,1762.9415290500406,0.06686730351698417,0.0011924694689529306,0.0
67,0,1,0,0,0,0,0,0,1,7,5,0,1,2,0,7,7,4,9,0,5,2,3,3,5916838.240225706,467793826.99890584,30700000.0,154.81769646932506,0.0023611571951533492,0.0,0.0
68,1,0,0,0,0,0,0,0,3,6,0,0,1,3,0,3,0,7,3,8,5,2,2,3,56646566.550265774,344568939.9799542,146000000.0,2855.6377531048774,0.0006054051742030156,0.011985129411622424,0.0
69,0,0,0,0,0,0,0,0,0,6,0,0,5,6,0,0,3,0,3,4,2,1,2,3,1158188715.4539752,338034002.9393147,84600000.0,0.0,0.0,2.16376516535829,0.0
70,1,1,0,0,0,0,0,0,0,6,0,3,0,2,0,3,0,7,1,1,7,1,0,0,108643672.77302197,270470152.0718937,92100000.0,0.0,0.07175677319202174,0.0,0.013520534161173764
71,1,1,0,0,0,1,0,0,4,3,0,0,0,2,0,5,0,0,2,5,6,0,3,0,62456255.272403695,179353985.17827418,753100000.0,2963.635137292905,0.004300756801187195,0.0004150531808458797,0.002111089466771203
72,0,1,0,0,0,0,0,0,0,4,7,0,1,5,0,6,0,0,1,7,5,4,0,2,823707399.9278072,357347456.8836282,30700000.0,0.0,0.6414015921270461,0.03654420198342901,0.0
73,1,1,0,0,0,0,0,0,0,7,0,0,1,1,0,0,1,5,1,2,2,1,1,0,518465433.58557737,268960948.197002,146000000.0,0.0,0.01513512935507539,0.9206582937574671,0.0
74,1,1,0,0,0,0,0,0,4,0,6,7,0,2,0,1,0,7,5,1,5,2,0,0,910539241.0836264,302249575.3410783,92100000.0,16916.002339393548,0.08127359744676681,0.007602537285939007,0.0016224640993408514
75,0,0,0,1,0,0,0,0,0,0,7,0,0,2,0,2,0,7,1,5,4,4,0,0,1254170604.959103,232731135.62903345,290400000.0,0.0,0.5777648516475226,0.8838670607848647,0.0
76,1,0,1,0,0,0,0,0,2,3,0,0,0,1,0,0,1,1,7,0,3,4,0,3,2215055397.7358336,214880144.7250567,267200000.0,24974.376803702136,0.21217974883101437,0.02541988614399064,0.0
77,0,1,0,1,0,0,0,0,0,6,0,0,0,3,0,0,1,4,1,1,4,1,4,0,440027416.5441501,238946450.86966568,267200000.0,0.0,0.008645238925456654,0.8081948625955411,0.0
78,0,0,0,0,0,0,0,1,3,3,0,0,0,0,0,2,0,0,1,6,6,3,3,0,612415368.7894676,163642573.3331081,673800000.0,31575.769699790733,0.005175905089388151,0.11913280562430524,0.0
79,0,1,0,0,0,0,0,0,1,5,0,0,1,2,0,0,0,6,7,0,1,1,0,7,1287021728.5041242,260897327.95823348,115300000.0,33582.14691130586,0.009997859748184333,0.7945736397873058,0.0
80,1,1,0,0,0,0,0,0,3,7,3,4,1,2,0,2,2,0,0,4,4,2,1,0,71524988.01624086,392144098.86291707,61400000.0,3928.6079500196374,0.0007720563068456261,0.015031158534799305,0.0
81,0,1,0,0,0,0,0,0,3,0,3,0,3,5,0,4,1,0,1,6,5,1,1,0,789310796.767005,289738902.4179547,199900000.0,12137.937476489624,0.0697479684442387,0.007892225051684272,0.0
82,0,1,0,0,0,0,0,0,2,0,0,3,1,0,0,0,0,0,3,6,6,4,0,2,2952155756.514727,184864603.56550896,61400000.0,31933.796058717628,0.2886307164571708,0.0334367714319715,0.0
83,0,1,0,0,0,0,0,0,3,0,7,4,0,5,0,6,3,3,5,4,4,0,0,0,880917783.2635648,317484748.46567124,30700000.0,15470.95865991941,0.07713608747578635,0.0,0.008186229094187598
84,0,1,0,1,0,0,0,0,0,0,3,0,0,2,0,1,0,3,1,4,4,4,0,0,2265644009.3813725,191627315.76970142,267200000.0,0.0,1.5108542750143297,0.025826723799442116,0.0
85,0,0,0,0,0,0,0,0,3,10,0,3,1,1,0,0,1,6,5,6,5,4,0,2,1140026892.0943172,391754078.38428336,30700000.0,63260.90745221716,0.001861203797225518,0.24124666582003565,0.0
86,0,1,0,0,0,0,0,0,2,0,0,0,0,2,0,6,2,0,1,6,4,2,1,0,2559655239.6971784,187295507.36732435,199900000.0,24776.813904037157,0.25527369133639666,0.0,0.0
87,0,1,0,0,0,0,0,0,3,2,0,0,0,2,0,2,0,0,1,1,7,2,0,1,341965749.4497161,184707759.6794144,363800000.0,6953.352762630135,0.021785317367247932,0.0141782452456081,0.0
88,0,1,0,0,0,0,0,0,0,6,0,0,0,2,0,2,1,6,6,7,7,1,0,0,387216342.1318337,259286842.39593822,30700000.0,0.0,0.12131848970200537,0.44523221620733366,0.0
89,0,1,0,0,0,0,0,0,0,5,0,3,3,2,0,6,0,0,6,7,4,2,0,1,1113329227.4725106,329996755.35369164,30700000.0,0.0,0.7946333655371219,0.018272100991714505,0.0
90,0,0,0,0,0,0,0,0,0,0,0,5,0,2,0,9,0,7,5,5,0,1,0,6,2425060831.7605996,274554748.42406476,0.0,0.0,1.6801198670226531,0.0,0.0
91,0,0,0,1,0,0,0,0,0,2,0,0,0,2,0,0,0,0,6,7,0,4,0,2,1932405216.9083672,175029673.09476367,538900000.0,0.0,0.024469752221699094,3.2309364700616454,0.0
92,0,1,0,0,0,0,0,0,1,7,2,0,7,2,1,7,6,4,5,1,2,2,3,2,12219489.383669792,529500368.41156286,61400000.0,407.1838138971395,0.0005036892616225341,0.0,0.00435963728037634
93,0,1,0,0,0,0,0,0,0,7,7,0,1,2,0,7,0,7,4,2,5,1,0,2,20816787.804520488,399570807.74097186,30700000.0,0.0,0.006558769986537082,0.0,0.013520534161173764
94,1,0,0,0,0,0,0,0,0,3,6,0,0,3,0,2,1,7,4,3,5,2,0,4,877331160.6928726,335663740.5776227,30700000.0,0.0,0.6414015921270461,0.12843210496767404,0.0
95,1,0,0,0,0,0,0,0,3,1,0,3,0,1,0,0,0,3,4,0,7,1,6,0,1870208541.3710217,231570159.97949648,146000000.0,30945.17986230817,0.1397758289375684,0.037037907401046274,0.0
96,0,1,0,0,0,0,0,0,2,5,0,1,6,2,0,0,0,3,0,5,1,3,0,0,1307379279.32661,284171317.0164043,333100000.0,57367.34325470374,0.0,0.3456421323129818,0.0
97,0,1,0,1,0,0,0,0,1,5,0,0,0,0,0,0,2,6,7,7,0,1,0,0,769376391.0325686,167063794.95772266,236500000.0,21338.226887628087,0.023497265698730847,0.4739321754336159,0.0
98,0,0,0,0,0,0,0,0,2,7,5,4,6,2,3,6,2,0,2,5,5,2,0,2,25755337.920179557,537822357.6374365,30700000.0,1169.6344675983237,0.0002098705256760559,0.002848812930020716,0.0020280801241760646
99,0,1,0,0,0,0,0,0,0,5,0,3,0,2,0,3,0,6,6,7,7,1,0,1,1108459725.7071383,308782899.37320715,30700000.0,0.0,0.7998033760849707,0.0,0.0
100,0,0,0,0,0,0,0,0,3,6,1,7,3,6,7,6,7,0,4,3,2,1,1,3,56905483.02093067,592313460.790428,0.0,1587.6505012916878,0.0044733028120621495,0.0,0.001453212426792113
101,0,0,0,0,0,0,0,0,0,0,0,3,0,2,0,3,3,7,1,1,1,1,0,0,2406207753.535152,222592516.11432245,115300000.0,0.0,1.6071768911552307,0.0,0.0
102,1,1,0,0,0,0,0,0,3,0,6,0,0,2,0,2,0,7,5,1,2,2,0,0,771573659.9793577,217397698.15825623,394500000.0,12427.51569165515,0.06807298435637243,0.005502872326278663,0.0016224640993408514
103,0,1,0,0,0,0,0,0,1,7,0,0,6,1,1,7,1,3,5,1,5,5,3,1,5561552.134272049,458347949.9293009,61400000.0,49.972467499196114,0.0015110677848676022,0.0,0.0
104,0,1,0,0,0,0,0,0,0,5,0,0,0,3,0,2,0,7,1,0,7,1,4,0,417604581.0230589,241207944.70623586,248500000.0,0.0,0.03889198355677217,0.6729403184336731,0.0
105,0,0,0,0,0,0,0,0,3,3,0,0,0,2,0,6,3,3,6,6,0,2,2,0,2126990255.063212,263911618.37754118,84600000.0,25558.342007121824,0.16974379906481146,0.0,0.0
106,1,1,0,1,0,0,0,0,0,5,0,0,0,2,0,2,0,1,5,6,7,1,0,0,1716940423.279345,212302815.64944375,182600000.0,0.0,1.1919500483056829,0.0,0.0
107,0,1,0,1,0,0,0,0,1,0,7,0,1,2,0,8,0,6,5,5,2,7,0,0,4315167.025911907,307648707.69816244,841300000.0,137.76519438903097,0.00184320848737893,0.0,0.0
108,1,1,1,1,0,0,0,0,3,0,0,1,0,2,0,1,3,0,3,1,1,2,0,6,212210795.6653459,214163416.00293618,557600000.0,5840.686023186177,0.011924487024624664,0.015518628713612693,0.0
109,1,0,1,1,0,0,0,0,3,7,6,0,0,3,0,6,0,0,2,3,3,5,0,0,4238323.722843707,287247323.7283543,824000000.0,280.54214332986123,0.0005934083009719571,0.0,0.0
110,0,0,0,0,0,0,0,0,3,7,0,0,0,5,0,0,0,0,0,4,3,6,0,0,1939989010.125072,187187406.29412386,248500000.0,103048.89302963021,0.0017253016964627172,0.3936073236047738,0.0
111,1,0,0,1,0,0,0,0,0,0,3,1,0,0,0,0,4,3,3,6,1,5,0,1,1580627094.9988823,229757713.75959072,267200000.0,0.0,1.0684759583388357,0.0854756648753867,0.0
112,0,1,0,0,0,0,0,0,0,0,0,0,0,1,1,2,0,0,5,2,6,5,3,0,781528551.5718524,208211601.19111013,284500000.0,0.0,0.1432120421103643,0.9930844916452891,0.0
113,0,1,0,0,0,0,0,1,2,0,3,0,0,1,0,6,2,0,3,6,4,1,1,0,762444063.180258,225477906.18656805,456000000.0,8917.848830745694,0.0887052967664521,0.0,0.0
114,0,1,0,0,0,0,0,0,0,6,7,0,0,2,0,0,0,0,1,4,4,6,0,0,1134072156.2845278,254983924.23226362,61400000.0,0.0,0.046419872794678255,1.826056998750948,0.0
115,0,1,0,0,0,0,0,0,3,4,0,0,0,2,0,0,0,0,3,0,2,6,0,2,1207271153.7060227,181241194.58426708,146000000.0,59423.845828914054,0.010541773057067723,0.21749604164819875,0.0
116,0,1,0,0,0,0,0,0,2,6,0,3,0,2,0,3,7,7,2,4,5,0,0,0,142739950.71992868,296452206.0513873,61400000.0,3554.212605577509,0.011587982440849603,0.001877378548763093,0.005018407085217664
117,0,1,0,0,0,0,0,0,3,6,0,2,4,1,0,10,0,1,2,5,4,1,0,0,42582882.563822076,332493097.00174713,115300000.0,2767.7839423632586,0.0,0.00011703506515299619,0.004801204359458913
118,0,0,0,0,0,0,0,0,3,5,0,1,0,5,3,0,3,3,6,7,0,3,0,0,1757656029.4637432,320000980.5143993,0.0,49778.15872074744,0.09966141025597591,0.14352149043127482,0.0
119,0,1,0,0,0,0,0,0,0,7,3,0,0,2,0,6,0,3,7,3,5,4,5,0,23013126.00610362,341239969.3473307,146000000.0,0.0,0.024098077704917766,0.0,0.0
120,0,0,1,1,0,0,0,0,3,0,0,0,0,0,0,1,0,0,6,6,3,4,0,0,765184253.5231314,94312035.6277162,877900000.0,40680.858087928245,0.0050694825607194745,0.14764168813934808,0.0
121,0,0,0,0,0,0,0,0,0,7,0,4,1,2,0,7,2,0,2,2,1,2,0,0,34137021.383949526,323450602.99688345,115300000.0,0.0,0.0051700105478486615,0.0,0.02704106832234753
122,1,1,1,1,0,0,0,1,3,3,3,0,1,0,0,7,7,0,3,6,6,2,0,0,19886685.50546846,271814473.3519334,893000000.0,709.6750347947425,0.0020514379517932286,0.0,0.0
123,1,1,0,0,0,0,0,0,0,2,0,5,0,2,0,2,7,0,6,1,7,1,0,0,1826474372.2413073,259965392.11793494,92100000.0,0.0,1.2842023210919324,0.0,0.012110103556600943
124,0,1,0,0,0,0,0,0,3,6,0,3,7,2,0,4,0,3,3,5,4,0,0,0,115012151.81003872,327406179.58043015,115300000.0,6463.599434583164,0.0,0.012563914119522623,0.006885934160153845
125,0,0,0,0,0,0,0,0,3,0,0,0,3,2,0,1,0,3,1,4,5,1,0,3,3078906360.6746607,226393249.15384465,0.0,46715.38294570943,0.23090457316573654,0.05519023865723081,0.0
126,1,1,0,0,0,0,0,0,1,3,3,0,0,2,0,0,7,0,0,1,1,2,0,0,757643092.417844,206544049.37123445,309900000.0,5810.476625730533,0.20466048004894824,0.014980735158231277,0.00048655861484478473
127,0,1,0,0,0,0,0,0,3,7,0,2,4,1,0,4,3,1,1,3,4,1,0,0,58276427.843628,343332450.9621969,30700000.0,3278.252423779776,0.0003357928410816894,0.006482637426685453,0.0030756765261329647
128,1,1,0,0,0,0,0,0,0,7,0,0,0,2,0,1,7,0,2,6,6,2,0,1,53326379.67416234,258264866.65874243,261300000.0,0.0,0.0049200756888682666,0.06964251252109385,0.013520534161173764
129,1,1,0,0,0,0,0,0,2,0,0,5,0,0,0,3,0,7,5,1,5,5,0,0,1649707982.556746,184785112.37614274,394500000.0,16743.277311596983,0.17092047224426135,0.0,0.0
130,0,1,0,0,0,0,0,0,3,1,0,3,0,2,0,2,0,7,2,5,5,2,1,0,1746153210.1646729,265547844.81711972,199900000.0,25968.1622893401,0.1367663699784867,0.020794565210341034,0.0
131,0,1,0,0,0,0,0,0,3,8,1,2,4,0,4,0,1,5,4,2,4,0,0,0,1172479216.9045384,363904226.0548931,30700000.0,65107.628488042516,0.0,0.24351879953258893,0.00400712138870169
132,0,1,0,0,0,0,0,0,0,0,0,2,1,2,0,3,0,0,1,1,9,1,0,0,2561616751.4994307,201279980.66285944,115300000.0,0.0,1.7034995072961316,0.0,0.0
133,0,1,0,0,0,0,0,0,2,5,0,0,6,5,0,0,0,0,3,3,1,5,0,0,1928655635.6623397,254910094.05039635,199900000.0,82293.25313957734,0.0,0.4925871075103193,0.0
134,0,1,0,1,0,0,0,0,0,0,0,0,0,2,0,3,0,1,5,6,0,1,0,0,2561616751.4994307,140463552.7305184,236500000.0,0.0,1.7034995072961316,0.0,0.0
135,0,1,0,0,0,0,0,0,0,6,0,0,1,3,0,0,0,7,7,7,0,2,0,0,837160295.2508616,242544700.51922047,61400000.0,0.0,0.10763515978803262,1.208311342489993,0.0
136,1,1,0,0,0,0,0,0,0,3,0,0,0,0,0,0,0,0,1,6,1,2,0,1,2195319314.655264,123981453.69383082,176700000.0,0.0,1.414531658873429,0.11455256719927942,0.0
137,0,1,0,0,0,0,0,0,3,5,0,1,1,2,0,0,0,0,0,5,3,4,0,0,1954384888.545962,229620914.88920793,115300000.0,102776.18294544477,0.002428131936655498,0.39402586751216473,0.0
138,1,0,0,0,0,0,0,0,3,7,7,0,7,2,3,3,1,1,5,5,7,1,0,0,106741428.79183686,485595649.5248388,30700000.0,5322.132026574987,0.0001678964205408447,0.02398885272875559,0.00028785799790976164
139,0,0,0,0,0,0,0,0,3,1,0,3,0,2,0,2,0,7,1,5,4,2,0,0,2020197291.2365794,235224789.76654088,169200000.0,40322.40063503661,0.13690229514528388,0.08073090400208771,0.0
140,0,0,0,0,0,0,1,0,0,4,0,0,0,2,0,1,0,0,4,2,0,3,0,0,1134046946.4620953,159399174.5907932,540600000.0,0.0,0.024717535232886636,1.904881884283381,0.0
141,0,0,0,0,0,0,0,0,3,7,0,2,0,5,3,4,3,4,6,3,0,0,0,0,176758803.6474257,341692704.56162256,0.0,10130.06799849707,0.003152512973410229,0.01998149270664821,0.007964566638199251
142,0,0,0,0,0,0,0,0,3,7,0,4,0,2,7,7,1,0,3,2,2,2,1,0,21431740.360994745,389400063.7080907,30700000.0,1177.96817382454,0.002679005227489778,0.0,0.0
143,0,0,0,0,0,0,0,0,3,0,0,0,0,2,0,2,3,0,1,6,1,1,0,0,2582276589.9044256,143237653.4162292,115300000.0,32034.80283072117,0.20441994087553578,0.005026950176540777,0.0
144,0,1,0,0,0,0,0,0,3,5,0,3,7,0,0,4,0,5,3,5,6,0,0,0,1141107864.2296174,273824682.1581603,30700000.0,15109.454350592472,0.09535600386445461,0.0,0.004112380955050304
145,0,0,0,0,0,0,0,0,3,9,0,1,7,0,4,0,1,5,4,5,5,2,3,0,1335111566.7414348,417781202.2599708,0.0,70304.6972994394,0.0,0.29095620086597435,0.0
146,0,0,0,1,0,0,0,0,3,0,0,7,0,1,0,7,1,0,5,2,0,3,0,0,1651078354.4380498,216381253.28043395,236500000.0,20807.482819370573,0.13689436341281683,0.0,0.0
147,1,1,0,0,0,0,0,0,0,3,0,4,0,2,0,6,0,0,6,0,7,0,0,0,1855736063.3145218,199464772.55824295,61400000.0,0.0,1.2892369868111389,0.0,0.033456047234784424
148,0,0,0,0,0,0,0,0,0,5,3,0,0,2,0,0,0,3,5,6,0,0,0,2,1634383396.9407198,224553108.2868427,84600000.0,0.0,0.0416000235524651,2.8561331749518186,0.0
149,0,0,0,0,0,0,0,0,3,7,0,1,3,2,0,1,0,0,1,4,4,1,0,1,1609729566.6592488,303750931.0481153,115300000.0,84983.37335999415,0.0,0.3299087562324942,0.0
150,0,0,0,1,0,0,0,0,0,0,0,0,0,3,0,3,0,0,6,6,4,4,0,0,123105452.22863027,147911947.11306554,756700000.0,0.0,0.014229705069593927,0.20142298876070305,0.0
151,0,1,0,0,0,0,0,0,0,0,7,0,0,1,0,2,0,0,4,5,4,2,0,0,1173611181.135949,191604977.61860648,115300000.0,0.0,0.5781731901944079,0.7183534166274115,0.0
152,0,0,0,0,0,0,0,0,3,0,2,1,0,1,0,0,6,3,2,5,0,2,0,3,2716897718.8720818,250679202.15364957,84600000.0,48385.34138072205,0.19286122693862767,0.07405614870757571,0.0
153,0,1,0,0,0,0,0,0,0,1,0,0,1,2,0,6,0,7,3,0,2,2,0,7,19182183.7460346,279892320.0343223,533000000.0,0.0,0.005045043118358464,0.0,0.013520534161173764
154,1,0,0,1,0,0,0,0,3,5,1,0,0,2,0,0,0,1,2,6,7,1,0,0,827090852.1338851,220256685.47944406,400400000.0,44906.70084541679,0.002130720755821442,0.16774519022008885,0.0
155,0,0,0,0,0,0,0,0,3,3,0,0,0,2,0,2,7,3,2,6,1,1,0,0,2826142966.715578,230721157.43930992,30700000.0,32901.83801728728,0.23090457316573654,0.0016867325504257146,0.0
156,1,1,0,1,0,0,0,0,2,3,0,0,0,2,0,0,7,3,2,0,5,2,0,3,2838656213.1521025,229155615.0172348,182600000.0,27135.527973250337,0.2886307164571708,0.005727628359963972,0.0
157,0,1,0,0,0,0,1,0,1,5,0,0,7,2,0,1,0,0,3,3,0,5,0,0,464357065.1192206,256239487.7330348,486700000.0,11879.188159229408,0.0,0.28563139929700376,0.0
158,0,1,0,0,0,0,0,0,3,8,1,1,3,0,3,0,1,5,4,2,4,1,0,1,1135303523.2411537,395030225.5145179,30700000.0,62845.649942928445,0.0,0.24351879953258893,0.0
159,0,0,0,0,0,0,0,0,0,0,0,1,0,1,0,3,7,3,3,5,4,2,0,0,2584054473.490903,227809692.50851437,84600000.0,0.0,1.7034995072961316,0.04740420894496684,0.0
160,0,1,0,0,0,0,0,0,0,2,0,0,6,2,0,6,0,0,3,3,2,2,0,0,41670128.24890825,241432718.14146304,533000000.0,0.0,0.0,0.0,0.040561602483521295
161,0,0,0,0,0,0,0,0,3,0,0,0,0,1,0,0,0,0,7,2,6,0,0,0,3652285732.6969156,78813807.37888356,84600000.0,88812.66897612953,0.20441994087553578,0.22216844612272713,0.0
162,0,0,0,0,0,0,0,0,0,4,0,0,1,3,0,0,0,0,4,2,6,1,0,2,2043172317.969101,222608159.73211554,253800000.0,0.0,0.014747036806177786,3.555305217565441,0.0
163,0,1,0,0,0,0,0,0,0,7,0,0,0,0,0,0,2,1,7,1,1,0,0,0,862768771.9291509,142545679.60865808,115300000.0,0.0,0.04313254241156794,1.5360172128679186,0.0
164,1,0,1,1,0,0,0,0,3,0,0,0,0,0,0,3,0,0,6,1,3,4,0,0,720365027.6627942,88589140.50810511,824000000.0,8662.866023397644,0.05747343997557492,0.0,0.0
165,0,0,0,0,0,0,0,0,0,4,0,0,0,3,8,0,0,0,5,2,0,2,0,0,1939989010.125072,232908355.45532504,199900000.0,0.0,0.014377514137189313,3.2800610300397817,0.0
166,0,0,0,0,0,0,0,0,3,7,0,0,3,2,0,0,0,0,2,4,4,1,0,0,1928655635.6623397,217940339.54122204,115300000.0,102237.26507693375,0.0,0.3940696860082553,0.0
167,0,1,0,0,0,0,0,0,2,0,1,5,0,0,0,1,0,7,5,6,5,5,0,0,490840854.83619046,222854588.2381605,448400000.0,17987.644519376805,0.017242040215202533,0.09105824749299986,0.0
168,0,0,0,0,0,0,0,0,3,0,3,0,0,2,0,2,0,3,1,5,3,5,0,0,1027667183.4938055,197943787.65246263,333100000.0,24054.651406254427,0.07096423741316168,0.054323835133863005,0.0
169,0,0,0,0,0,0,0,0,3,5,0,0,0,3,0,0,0,4,5,4,2,3,1,0,1455465760.5157652,218721285.66203967,84600000.0,75086.37713580977,0.006798488209311237,0.3021751486213699,0.0
170,0,0,0,0,0,0,0,0,3,2,5,0,1,3,0,0,7,3,7,7,0,1,0,0,927419726.0461808,304880101.21560466,30700000.0,18411.429634564236,0.07730398389632719,0.022117106875575727,0.002906424853584226
171,1,1,0,0,0,0,0,0,1,0,0,0,0,2,0,6,0,7,3,1,1,2,0,0,361219653.09336835,166335296.2751577,479100000.0,2106.1359017965624,0.08645840061426938,0.0,0.0
172,0,1,0,0,0,0,0,0,0,0,0,3,1,0,0,7,2,0,3,6,2,3,0,2,1660980753.9035206,235954424.7240131,363800000.0,0.0,1.1464716595800055,0.0,0.0
173,0,0,0,0,0,0,0,0,3,3,0,0,0,2,0,2,0,4,2,6,0,2,0,0,426336342.43334734,183888045.85458305,333100000.0,21313.55629346498,0.00544178001590475,0.08123156208340827,0.0
174,1,0,0,1,0,0,0,0,0,10,0,0,0,2,0,0,0,7,3,7,0,4,0,0,701832955.6910939,229752009.98938686,400400000.0,0.0,0.009652665276875175,1.2139460976811354,0.0
175,1,1,0,0,0,0,0,0,3,6,0,0,2,1,0,0,0,7,7,6,4,2,0,0,309216815.66029567,251430298.0626602,176700000.0,17182.049367696287,0.0,0.06212510474598507,0.0016224640993408514
176,0,1,0,0,0,0,0,0,2,0,0,0,1,0,0,0,0,4,7,1,1,2,3,2,2904611982.192502,187839850.8614951,61400000.0,30003.764121531614,0.2886307164571708,0.022291180954647664,0.0
177,0,1,0,0,0,0,0,0,3,7,0,0,1,1,0,0,1,0,4,5,5,3,0,0,1715511574.7870314,233920322.9797727,115300000.0,91587.95924436723,0.001861203797225518,0.35117651043409326,0.0
178,0,0,0,0,0,0,0,0,3,7,0,0,2,2,0,1,0,0,1,4,4,0,0,1,1613983164.4220848,229904706.95885366,199900000.0,85267.80290845854,0.0006204012657418394,0.32986901543572045,0.0
179,0,1,0,0,0,0,0,0,3,5,0,3,7,2,0,4,0,3,3,5,4,0,0,0,136277126.45912787,318951867.53699887,115300000.0,6705.002187824133,0.0018089759588118927,0.012555758720888991,0.006859513875515542
180,0,0,0,0,0,0,0,0,0,10,0,0,0,0,0,1,0,4,4,6,7,1,6,0,1382448946.1920016,253448401.4098927,0.0,0.0,0.07044913550566935,2.378767251452078,0.0
181,0,1,0,0,1,0,0,0,3,4,0,2,4,1,0,7,0,1,7,3,6,0,0,1,24482879.00856636,315077549.32487375,321100000.0,1646.5792703735256,0.0,0.0,0.002926197995419571
182,1,0,0,0,0,0,0,0,3,7,0,0,7,3,0,7,0,1,6,5,0,6,0,0,0.0,328287859.5336438,248500000.0,0.0,0.0,0.0,0.0
183,0,1,0,0,0,0,0,0,0,2,0,3,1,2,0,7,0,0,4,3,5,2,0,0,1657623405.445036,260181250.42207628,115300000.0,0.0,1.143203738025804,0.0,0.0
184,0,1,0,0,0,0,0,0,1,0,0,3,0,3,0,0,5,0,1,1,5,1,1,0,1981149165.61321,194558316.23017207,199900000.0,19754.226079224783,0.41095038227003405,0.22951496574383384,0.0
185,0,0,0,0,0,0,0,0,0,7,0,2,1,4,0,5,0,0,1,4,3,0,0,0,133341177.93722473,263845397.08110029,169200000.0,0.0,0.014747036806177786,0.16178645160732072,0.032275259752520706
186,0,0,0,0,0,0,0,0,0,4,0,0,1,2,0,1,0,0,7,2,1,1,0,0,1613983164.4220848,207801738.4235718,284500000.0,0.0,0.0051700105478486615,2.7489084619643376,0.0
187,1,1,0,0,0,0,0,0,0,0,0,3,0,2,0,2,0,0,0,0,4,2,0,0,2819191871.979723,144551164.85449815,61400000.0,0.0,1.924204776381138,0.0,0.0
188,0,0,1,1,0,0,0,0,3,7,0,0,1,2,0,0,0,7,1,1,3,5,0,0,1019759232.6236727,243462506.47694573,744700000.0,56699.18729701771,0.0006084043925107808,0.2136975143743351,0.0
189,0,1,0,0,0,0,0,0,0,2,0,4,0,2,0,5,7,7,1,1,0,1,0,0,118379155.8001187,289638785.1792398,230600000.0,0.0,0.07326345167729181,0.0008735556380370087,0.011617416298574572
190,0,1,0,0,0,0,0,0,2,1,0,4,3,0,0,6,7,0,4,4,5,0,1,2,2425060831.7605996,292109763.5497381,30700000.0,22578.553503854655,0.25201798005339804,0.0,0.0
191,0,0,1,1,0,0,0,0,3,0,0,0,0,1,0,2,0,0,6,6,3,4,0,0,243029771.0481277,134425688.15096328,877900000.0,12446.638802859354,0.0029066363052613862,0.04662925962799498,0.0
192,0,1,0,0,0,0,0,0,0,0,0,0,0,2,0,2,0,1,5,6,5,1,0,0,2608209581.350562,153709715.03559834,115300000.0,0.0,1.7034995072961316,0.08378250294234629,0.0
193,0,0,0,0,0,0,0,0,3,7,0,0,7,1,0,3,0,3,3,5,7,4,0,0,551303972.6701655,313536167.3749732,84600000.0,27512.46052614668,0.0,0.12391483728419068,0.0
194,0,1,0,0,0,0,0,0,3,0,0,3,0,6,0,0,3,0,7,3,4,0,3,0,2558094603.9668903,201409612.8860532,115300000.0,38594.45047651445,0.19286122693862767,0.035934648756826164,0.0
195,0,1,0,0,0,0,0,0,3,7,0,7,1,2,0,6,2,0,3,6,0,2,0,0,35941673.03845835,345343490.0881696,115300000.0,2179.6649294844083,0.0006204012657418394,0.00047872387136749174,0.003244928198681703
196,0,0,0,0,0,0,0,0,0,7,0,0,1,3,0,3,3,0,2,2,4,1,0,3,305756014.1783865,289513585.7638225,84600000.0,0.0,0.014747036806177786,0.5970164933279405,0.0011885188148114893
197,1,1,0,1,0,1,0,1,3,3,7,0,0,3,0,7,0,0,2,6,1,2,0,0,4205390.878671621,256363018.15501988,1112500000.0,278.99989900235465,0.0005844106460486626,0.0,0.0
198,0,0,0,0,0,0,0,0,3,7,0,1,0,5,3,4,0,1,1,3,7,4,0,0,209703469.7670146,339884429.97347724,0.0,10266.34754095718,0.003152512973410229,0.042289403403228495,0.0
199,0,0,0,0,0,0,0,0,3,7,0,3,4,1,0,3,3,3,4,5,0,0,0,5,283391236.8413049,358348022.03952605,84600000.0,15742.792836998777,0.0,0.0652044579334897,0.0023605749822121496
200,0,0,0,1,0,0,0,0,3,0,1,0,0,0,0,0,0,0,3,5,4,1,0,0,3845925746.864909,91113327.64106435,321100000.0,98065.24302672497,0.2042189530691173,0.25135611278717906,0.0
201,0,0,0,0,0,0,0,0,0,10,0,0,0,1,0,0,3,0,7,4,2,0,0,0,1209086313.0461614,194688789.2213024,84600000.0,0.0,0.05297711878091202,2.1598472180251904,0.0
202,0,0,0,0,0,0,0,0,0,8,0,0,3,0,0,0,3,3,3,4,0,9,0,3,914241928.9709566,288463739.98337734,0.0,0.0,0.015884933932016575,1.7285273831427672,0.0
203,0,0,0,0,0,0,0,0,0,6,6,0,7,2,0,9,5,4,2,3,2,3,0,0,1371902.4584200988,439720407.6772217,84600000.0,0.0,0.0,0.0009752922096083016,0.0
204,0,1,0,0,0,0,0,0,2,4,0,0,0,2,0,5,1,4,2,1,3,2,1,0,2819191871.979723,253576269.17965323,61400000.0,26143.700247159588,0.2886307164571708,0.0,0.0
205,0,0,0,0,0,0,0,0,0,0,0,3,1,2,0,0,0,0,5,3,5,1,0,0,1932909233.4251757,185406324.62078673,502300000.0,0.0,0.0051700105478486615,3.2835828767623467,0.0
206,0,0,1,0,0,0,0,0,0,4,0,0,1,2,5,2,0,0,6,6,1,1,0,0,428160171.2903688,280734483.4820399,321100000.0,0.0,0.005120023576052584,0.7427189476208367,0.0
207,1,1,0,1,0,0,0,0,3,3,7,0,0,0,0,1,0,0,6,6,5,3,0,1,669322862.5986632,240550179.49353033,297900000.0,11588.759796515817,0.05775008764703447,0.010350640685985384,0.0
208,0,1,0,0,0,0,0,0,2,0,5,3,7,0,0,0,5,0,3,1,5,1,0,0,932726213.9147731,259257318.56079414,115300000.0,17424.759088676048,0.08630558533906403,0.054877847128426485,0.00017991124869360102
209,0,1,1,0,0,0,0,0,0,0,0,0,0,1,3,3,0,0,2,6,0,3,0,0,361219653.09336835,163065620.83042502,569600000.0,0.0,0.24016222392852604,0.0,0.0
210,0,0,0,0,0,0,0,0,2,0,0,0,0,0,0,0,0,4,3,5,1,3,0,1,2904157580.719046,113413627.76288022,115300000.0,40156.33043972191,0.2555249260944198,0.08983662189206543,0.0
211,0,1,0,0,0,0,0,0,3,0,0,0,0,5,0,1,0,1,5,7,4,0,0,0,2919663917.9256372,143151613.2435315,30700000.0,38004.29212165837,0.23090457316573654,0.020976327841378418,0.0
212,0,0,0,0,0,0,0,0,0,6,0,0,7,2,0,7,5,5,1,6,5,7,0,5,145920317.32993346,425897615.1898487,0.0,0.0,0.10763515978803262,0.0,0.0
213,0,0,0,0,0,0,0,0,0,0,0,0,0,0,0,0,0,4,2,1,0,0,0,1,3030423793.7397704,65532828.93339566,30700000.0,0.0,1.924204776381138,0.36861844406958966,0.0
214,0,1,0,0,0,0,0,0,1,2,2,0,6,0,0,7,7,0,3,0,2,2,0,0,41670128.24890825,264803793.40239826,581600000.0,1307.2829565676402,0.0,0.0,0.014602176894067663
215,0,0,0,0,0,0,0,0,0,3,1,3,0,2,0,3,0,4,1,1,1,0,0,0,758971355.413297,242666819.65910482,115300000.0,0.0,0.5058127997879741,0.11052298035177972,0.03121102021237816
216,0,1,0,0,0,0,0,0,0,5,3,0,3,1,0,1,3,3,3,3,1,10,0,2,511492504.4442724,389451584.96987605,61400000.0,0.0,0.39731668276856097,0.041759386666818304,0.0
217,0,1,0,0,0,0,0,0,1,7,5,0,7,2,0,7,4,3,3,2,5,0,0,0,107848144.8323488,396211805.0913805,30700000.0,3374.0854301858653,0.0005036892616225341,0.0,0.03689583014771371
218,0,1,0,0,0,0,0,0,0,0,6,0,0,2,0,0,0,1,4,6,4,1,0,0,2263572885.4407477,186531314.17199242,30700000.0,0.0,0.7131583653190677,2.1876544104232947,0.0
219,0,0,0,1,0,0,0,0,0,1,0,0,0,2,0,0,0,0,6,5,0,3,0,2,1953901371.5391912,162495427.88739514,538900000.0,0.0,0.03607620221266524,3.23034208510403,0.0
220,0,1,0,0,0,0,0,0,0,4,3,0,0,2,0,1,0,0,7,3,5,1,0,0,567803980.7373408,224823559.6858456,230600000.0,0.0,0.024098077704917766,0.9294037589785812,0.0
221,1,0,0,0,0,0,0,0,0,7,0,0,0,3,0,0,4,0,3,6,0,1,0,0,623323202.8090993,189797023.78839114,115300000.0,0.0,0.014377514137189313,1.1954842809899402,0.0023988166492480137
222,1,1,0,1,0,0,0,0,0,3,0,0,0,0,0,0,0,0,1,6,3,2,0,0,2150098193.0960135,99902012.26267357,297900000.0,0.0,1.414531658873429,0.03874008569916317,0.0
223,1,0,0,0,0,0,0,0,3,7,0,3,4,3,3,0,1,6,4,2,4,1,0,0,1143443440.2960036,398007733.2252904,30700000.0,63374.19693343027,0.0003357928410816894,0.24131799201494958,0.0016224640993408514
224,0,1,0,0,0,0,0,0,2,4,0,0,6,1,0,0,0,0,5,3,5,1,0,0,1928655635.6623397,221268688.42212602,284500000.0,82293.25313957734,0.0,0.4925871075103193,0.0
225,1,1,0,0,0,0,0,0,3,0,0,0,0,2,0,2,0,0,1,4,4,2,0,0,2819191871.979723,120380554.17220937,61400000.0,32479.70289529473,0.23090457316573654,0.0,0.0
226,0,1,0,0,0,0,0,0,1,1,2,0,0,3,0,0,6,2,6,1,5,0,1,0,607280902.970829,236943898.2207982,284500000.0,17989.195302605374,0.007651580877346506,0.39926055515482783,0.008908733890638381
227,0,0,0,1,0,0,0,0,3,5,0,0,3,0,0,2,2,7,6,6,3,4,0,3,150522552.05547878,295566404.7539802,454300000.0,8490.049872059142,0.0,0.03592682679757001,0.0
228,0,1,0,0,0,0,0,0,3,5,0,0,7,2,0,2,0,0,4,6,7,4,0,0,1810011765.6896207,281054218.6378019,30700000.0,24100.282220709905,0.1430340057966819,0.01908135545542739,0.0
229,0,0,0,0,0,0,0,0,0,4,0,0,0,2,0,0,0,0,7,3,7,0,0,1,2061116181.3877668,160617043.68962914,387000000.0,0.0,0.034073001123234165,3.5521388565425838,0.0
230,1,0,0,0,0,0,0,0,0,7,0,0,7,2,0,7,5,4,3,0,0,1,0,0,41670128.24890825,339288951.88330835,146000000.0,0.0,0.0,0.0,0.040561602483521295
231,0,0,0,0,0,0,0,0,3,0,0,0,3,2,0,0,0,4,1,2,0,1,0,0,3278151601.0990543,160546257.41489208,0.0,57901.18969533557,0.23090457316573654,0.096786173830707,0.0
232,0,1,0,0,0,0,0,0,0,3,0,3,0,0,0,0,0,0,1,1,2,2,0,0,3280042190.9132175,137345800.3746207,115300000.0,0.0,0.9573986200528086,3.198537035703896,0.0
233,0,0,0,0,0,0,0,0,0,6,5,0,7,2,0,0,5,5,2,6,7,1,0,0,666100492.9665015,381588269.6692531,0.0,0.0,0.03587838659601087,1.2366816479670415,0.014709052975985253
234,0,1,0,0,0,0,0,0,0,0,0,4,1,3,0,1,1,0,4,1,6,1,0,0,2000125499.3356462,233714255.28162497,115300000.0,0.0,1.1647985744797367,0.5287832012185053,0.0
235,1,1,0,1,1,0,0,1,3,3,0,0,0,0,0,7,0,0,1,1,5,2,6,0,14878524.357122589,171860109.56379962,946900000.0,841.6264299895837,0.0017802249029158714,0.0,0.0
236,1,1,0,1,0,0,0,0,3,5,0,0,0,3,0,0,0,5,7,6,6,1,7,0,178491047.26381344,251020664.2924312,684900000.0,9890.515593392614,0.0005844106460486626,0.036857022312841985,0.0
237,0,1,0,1,0,0,0,0,0,1,3,0,3,0,0,3,3,0,2,7,3,2,0,0,823313214.3746992,236838246.50370145,267200000.0,0.0,0.626097641663342,0.0,0.0
238,0,1,0,0,0,0,0,0,0,5,0,5,0,2,0,3,4,0,1,1,0,1,0,0,1122771276.5480297,251933410.45421627,61400000.0,0.0,0.7996784086554805,0.0008735556380370087,0.011617416298574572
239,0,0,0,0,0,0,0,0,0,7,0,0,3,2,0,1,3,0,1,7,0,4,0,2,518480494.8799895,294657697.5500471,417700000.0,0.0,0.0,1.0211124960862838,0.0
240,0,0,0,0,0,0,0,0,0,5,0,0,0,0,0,0,0,5,4,6,7,1,1,0,2977468888.811054,177749979.13468757,0.0,0.0,1.1919500483056829,2.2474044299476117,0.0
241,0,0,0,1,0,0,0,0,3,0,0,0,0,0,0,3,0,3,6,6,1,4,0,5,2609973695.8826604,163736097.21859363,423600000.0,33329.73902698379,0.2042189530691173,0.011283318700599676,0.0
242,0,1,1,0,0,0,0,0,1,0,2,0,7,0,0,6,3,0,2,6,2,7,0,0,923934237.7413707,246152495.54545295,454300000.0,6033.54182981084,0.2476812518127451,0.0,0.0
243,1,0,1,0,0,0,0,0,0,3,0,0,0,2,0,1,0,3,1,1,0,3,0,1,255534090.84151325,201335768.75014764,485000000.0,0.0,0.0294803168464486,0.3843243679751246,0.0
244,1,0,0,0,0,0,0,0,0,7,0,0,0,2,3,4,0,4,0,0,1,1,0,0,47370843.63962117,250088540.26420978,146000000.0,0.0,0.0190530345865593,0.04024989671386958,0.0
245,1,0,0,0,0,0,0,0,3,10,0,4,7,3,0,6,0,0,5,6,6,0,2,0,58460182.549341805,399056382.06183255,30700000.0,3578.2899369714905,0.0,0.0065779563570172225,0.00400712138870169
246,0,0,0,0,0,0,0,0,0,0,0,7,1,2,0,1,1,0,0,3,5,1,0,0,2604799817.9930935,237691198.33425036,0.0,0.0,1.2894869216701192,1.332926826378109,0.0
247,0,0,1,0,0,0,0,0,2,0,0,0,0,0,0,0,0,4,5,6,3,2,0,0,1932676084.747905,92172759.75815162,672100000.0,61559.958537261744,0.07184179996946866,0.317221603803386,0.0
248,0,0,0,0,0,0,0,0,3,0,0,7,1,2,0,1,0,0,1,2,6,0,0,0,2731991883.139024,198789714.035398,84600000.0,74576.66226005208,0.13691535794097118,0.21811227895270505,0.0
249,0,0,0,0,0,0,0,0,3,7,0,0,7,2,0,0,0,7,6,1,0,5,0,0,1239028007.7700582,286843976.819593,417700000.0,68158.17671795584,0.0,0.26271312400550356,0.0
250,0,1,1,0,0,0,0,0,2,0,0,0,0,0,0,7,0,7,2,6,2,4,0,0,2559655239.6971784,141281150.58896655,485000000.0,24776.813904037157,0.25527369133639666,0.0,0.0
251,0,1,0,0,1,0,0,0,0,3,0,5,0,2,0,3,4,0,1,1,7,0,0,0,1827563559.7078743,226318694.73029798,151900000.0,0.0,1.2879232078301448,0.0,0.009871901851109154
252,0,0,0,0,0,0,0,0,3,6,0,0,0,2,0,0,3,4,4,5,6,1,0,0,1032687708.0301147,221361554.63876933,0.0,51178.75323495897,0.015650882488004704,0.2002610594778364,0.0
253,1,1,0,0,0,0,0,0,0,3,3,0,0,2,0,1,0,2,0,1,0,3,0,1,663476409.1619841,239476141.43999267,176700000.0,0.0,0.47151055295780964,0.08976149073572412,0.0
254,0,1,0,0,0,0,0,0,0,4,0,3,3,2,0,0,4,0,1,6,0,4,0,1,609330359.5335363,299182006.34777486,333100000.0,0.0,0.0,1.1993373010189536,0.0
255,1,1,0,1,0,0,0,0,0,2,0,0,0,2,0,1,7,0,1,2,0,2,0,1,273027336.2300859,204023037.05166832,515700000.0,0.0,0.18109291143178236,0.0012786355885692447,0.0
256,0,0,0,0,0,0,0,0,3,3,0,3,0,1,0,0,3,7,1,1,9,3,0,0,1956975466.2630897,251976729.47929183,30700000.0,28306.197923409356,0.15824178850201231,0.022117106983744545,0.0
257,0,0,0,0,1,1,0,0,1,3,0,3,0,3,0,2,3,0,1,0,7,7,0,0,1863979008.7361932,250222092.62977785,408000000.0,10881.185748493323,0.47472536550603706,0.00047662193000687895,0.0
258,1,1,0,0,0,0,0,0,1,7,0,0,0,2,3,5,0,4,3,0,2,2,0,0,36483769.95980495,266298879.6368152,92100000.0,966.692808178745,0.0032785591691654754,0.0,0.00871927456075268
259,0,0,0,0,0,0,0,0,3,6,3,0,0,2,0,0,3,3,2,5,0,1,0,0,970528494.7492678,250443250.5935348,0.0,51560.71943498909,0.008310864419523419,0.2069989984354141,0.0
260,1,0,0,1,0,0,0,0,0,1,0,0,0,2,0,2,7,0,1,1,3,4,0,0,2559655239.6971784,189557118.48699528,485000000.0,0.0,1.7018246089093112,0.0,0.0
261,0,1,0,0,0,0,0,0,3,9,0,0,3,3,0,5,3,7,2,1,3,5,3,3,9296981.449105373,423956656.58828354,61400000.0,531.5346376558575,0.0,0.00222574224542877,0.0
262,0,1,0,0,0,0,0,0,3,0,0,0,1,2,0,7,0,0,3,3,5,2,0,0,34082133.31032938,175670892.89649513,666200000.0,2080.112534380375,0.0006054051742030156,0.0,0.003244928198681703
263,0,1,0,0,0,0,0,0,0,6,0,0,0,2,0,1,0,0,4,1,7,1,1,0,1631741486.8333812,208560861.85507253,115300000.0,0.0,0.024717535232886636,2.744724268628876,0.0
264,0,1,0,1,0,0,0,0,2,2,3,3,0,2,0,5,2,0,2,0,3,2,0,0,1417539512.7205749,274305780.0430615,182600000.0,13886.579120367833,0.1558832982106975,0.0,0.0
265,0,1,0,1,0,0,0,1,3,4,0,0,0,3,0,0,5,5,2,1,1,1,0,0,246719442.39317957,204676327.70895326,825700000.0,15442.044261538978,0.0010374286710547985,0.05636447763255717,0.0001462322030756818
266,0,0,0,0,0,0,0,0,3,5,2,4,4,2,3,6,3,1,1,6,1,3,2,2,491079435.4730304,528724390.7007975,0.0,6431.75316090001,0.04784589835276815,0.0,0.0
267,0,1,0,0,0,0,0,0,3,3,0,3,0,1,0,1,7,0,6,0,6,7,0,0,1869895182.0172997,255181328.34531856,61400000.0,22817.682089754995,0.15824178850201231,0.001549603427966527,0.0
268,1,0,0,0,0,0,0,0,3,3,3,0,0,1,0,0,0,3,1,1,3,4,0,1,1255126175.1755714,235425935.64700752,146000000.0,43740.10332179002,0.05779207670334319,0.13152402594558393,0.0
269,1,0,1,1,0,0,0,0,0,0,0,0,0,3,0,3,0,0,6,6,4,4,0,0,82376868.93808664,147911947.11306554,908600000.0,0.0,0.00494506917476631,0.1406343199030453,0.0
270,1,1,0,0,0,0,0,0,0,5,1,0,3,2,0,1,3,2,5,3,6,1,1,0,605721328.3400915,346998221.18730116,61400000.0,0.0,0.46907345596058275,0.024085090259615558,0.0
271,0,1,0,1,0,0,0,0,3,6,0,0,1,1,0,8,6,0,7,1,4,1,0,0,15148280.758744232,276862274.8140574,236500000.0,852.4221402821292,0.00184320848737893,0.0,0.0
272,0,1,0,0,0,0,0,0,0,6,1,0,3,2,0,7,3,3,3,3,4,0,0,0,106531174.44542891,324278423.87109125,199900000.0,0.0,0.0,0.0,0.1028095238762576
273,1,0,0,0,0,0,0,0,0,3,5,0,0,2,0,0,5,4,2,1,1,0,0,1,911897351.3454626,250959029.90350002,61400000.0,0.0,0.6514916783637631,0.09194425209505482,0.045073463533359
274,0,0,0,0,0,0,1,0,0,4,0,0,0,1,0,2,0,0,3,2,0,0,0,0,1750583281.3982809,124823982.79142158,425300000.0,0.0,0.05297711878091202,2.98492535898087,0.0
275,0,0,0,0,0,0,0,0,0,5,1,0,0,2,0,0,3,3,7,5,0,1,0,0,929266264.5854528,239731967.17495766,169200000.0,0.0,0.034073001123234165,1.7249916536284509,0.0
276,1,0,0,0,0,0,0,0,0,7,0,0,0,2,0,1,2,4,1,1,0,0,0,0,582863226.4388249,196243206.2904832,115300000.0,0.0,0.024717535232886636,1.0266050188022602,0.03121102021237816
277,0,1,0,1,0,0,0,0,2,2,0,3,0,2,0,2,0,7,5,0,2,2,0,0,59866095.224187486,231393266.52128106,702800000.0,2507.9277572238625,0.0014478997915312764,0.01451817287551037,0.0
278,0,1,0,0,0,0,0,0,0,8,0,2,1,3,3,0,0,3,5,0,5,0,0,0,1310581506.8538394,315851543.12281185,115300000.0,0.0,0.0051700105478486615,2.3033208604535416,0.0
279,0,1,1,0,0,0,0,0,3,0,0,0,0,2,0,0,0,7,1,3,2,5,0,0,1583680381.3300283,137166523.35644126,538900000.0,72511.90578510446,0.029367261099625494,0.2557738919947098,0.0
280,1,0,1,0,0,0,0,0,3,3,0,0,0,3,0,7,3,0,1,1,1,1,7,3,12526159.744212113,285040530.77727526,756700000.0,831.7024275945856,0.001707564608351271,1.1131384039923959e-05,0.0
281,1,0,0,0,0,0,0,0,0,1,0,7,1,2,0,2,0,0,1,1,2,7,0,0,172952795.87566158,272749599.53911424,448400000.0,0.0,0.01890102067324104,0.26436362365721133,0.0
282,0,0,0,0,0,0,0,0,0,0,0,0,0,0,0,0,0,7,0,5,1,3,0,0,1456269479.2936006,83118965.56185523,284500000.0,0.0,0.15246125181380438,2.172914905976759,0.0
283,0,0,0,0,0,0,0,0,0,9,0,0,3,0,0,7,3,0,1,6,0,1,0,0,33458506.027707458,242317610.23230574,550900000.0,0.0,0.0,0.0024536719412743295,0.02704106832234753
284,0,0,0,0,0,0,0,0,3,6,0,0,0,2,0,0,6,6,1,1,3,6,1,0,639511766.8174523,266148263.5530453,84600000.0,37720.482367044126,0.0040887601347881,0.1483283598814869,0.0
285,1,1,0,0,0,0,0,0,0,7,0,0,0,3,0,2,0,7,6,5,7,1,0,0,122494233.06836206,246553379.77940577,230600000.0,0.0,0.014007991468200837,0.17603929088111495,0.013520534161173764
286,0,1,0,0,0,0,0,0,0,2,3,0,2,2,0,6,0,0,2,3,1,2,0,0,73352140.82647476,253926688.92608887,230600000.0,0.0,0.03388350429849145,0.0,0.02704106832234753
287,0,0,0,0,0,0,0,0,3,0,0,0,0,0,0,0,0,3,3,2,1,0,0,0,2904157580.719046,48238233.22565911,115300000.0,49888.33522864275,0.20441994087553578,0.07186929751365233,0.0
288,0,1,0,0,0,0,0,0,0,7,3,5,0,2,0,7,3,0,7,2,6,0,0,0,94685031.84039935,345393522.06833017,30700000.0,0.0,0.026106294671575055,0.0,0.06242204042475632
289,0,0,0,0,0,0,0,0,0,0,0,0,0,2,0,2,7,0,1,0,6,0,0,0,2826142966.424882,120923862.76506948,30700000.0,0.0,1.924204776381138,0.014056103685474145,0.0
290,0,0,0,0,0,0,0,0,2,3,0,0,0,0,0,0,0,0,0,2,6,0,7,0,2099494950.5646334,107278434.04108134,253800000.0,86565.0732265455,0.010567370325850403,0.53202758285802,0.0
291,0,1,0,0,0,0,0,0,1,7,2,0,7,2,0,0,4,3,3,1,5,0,0,0,631880999.2454894,324948421.10024756,30700000.0,18667.877999019856,0.0005036892616225341,0.41290332408958885,0.016497472672806223
292,0,0,0,0,0,0,0,0,0,1,3,0,0,2,0,0,1,3,1,2,3,2,1,0,1945255921.7817032,242183272.9420153,84600000.0,0.0,0.626097641663342,1.9476565769309977,0.0
293,0,1,0,0,0,0,0,0,3,7,0,0,0,0,0,0,0,0,7,2,6,1,0,0,1968441149.7049088,133744902.46934518,115300000.0,104672.14893502314,0.005175905089388151,0.39268259879781053,0.0
294,0,1,0,0,0,0,0,0,0,4,1,0,3,1,0,5,3,1,5,3,1,1,0,0,86879349.4438276,313748458.06946117,115300000.0,0.0,0.044207035939081527,0.0,0.023234832597149143
295,0,0,0,0,0,0,0,0,2,5,3,0,7,0,3,7,3,2,7,6,1,0,0,0,122614225.04333739,373669715.96943873,84600000.0,5941.284853627731,0.001130609974257433,0.00282538871228792,0.015096184491561946
296,0,1,0,0,0,0,0,0,0,5,2,0,3,3,0,7,0,0,5,5,6,0,0,0,115412573.44786263,274799136.75717014,115300000.0,0.0,0.007537399828382887,0.0,0.10203113689493626
297,0,1,0,0,0,0,0,0,0,0,3,0,0,2,0,1,0,0,7,3,5,0,0,0,1174376631.10415,145854753.2048801,363800000.0,0.0,0.5822296409893563,0.682578153070542,0.0
298,0,1,0,1,0,0,0,0,0,6,0,0,0,2,0,1,0,0,1,2,6,1,0,0,1121276529.8869166,176696974.15615663,454300000.0,0.0,0.024469752221699094,1.8710922986061325,0.0
299,1,1,0,1,0,0,0,0,3,0,1,0,0,0,0,0,0,0,1,5,1,1,0,0,2819191871.979723,83232521.78355296,213300000.0,32479.70289529473,0.23090457316573654,0.0,0.0
300,0,1,0,0,0,0,0,0,1,0,5,0,0,1,0,0,7,0,3,1,6,1,0,0,2124592644.462893,181317990.38705134,30700000.0,14315.922701613299,0.5169725847591005,0.06635131993252615,0.0
301,0,0,0,0,0,0,0,0,0,5,1,0,0,2,0,0,3,3,1,2,3,1,1,0,938791069.5016634,260612646.95297801,84600000.0,0.0,0.0416000235524651,1.7249916536284509,0.0
302,1,1,0,1,0,0,0,0,3,4,0,0,1,0,0,0,0,0,5,5,1,1,0,0,1093885254.263028,144137653.48957178,654200000.0,58723.89719058078,0.001798220212762459,0.21845068638744372,0.0
303,0,1,0,0,0,0,0,0,3,0,0,0,0,2,0,1,0,0,1,4,4,3,0,0,567803980.7373408,121285319.67545106,750800000.0,30179.910952680057,0.0028917693245901314,0.11152845107742973,0.0
304,0,0,1,0,0,0,0,0,2,0,0,0,0,0,0,0,0,3,0,6,5,1,7,0,1452768203.2361672,121066424.9194443,405700000.0,57697.338008453255,0.022846693634762417,0.32301425952126644,0.0
305,0,1,0,0,0,0,0,0,2,3,0,0,0,2,0,0,0,0,2,6,2,5,0,0,1106334373.155082,152173257.64057198,315200000.0,47743.59094553154,0.0036147116557376647,0.27483619241814167,0.0
306,1,0,0,0,0,0,0,0,3,1,0,7,3,2,0,1,0,1,4,1,0,1,1,0,1879142137.8345482,307511946.86053705,61400000.0,24949.083802448662,0.15393638211049102,0.013700245666737358,0.0
307,0,0,0,0,0,0,0,0,1,6,5,0,7,2,0,7,7,3,0,2,5,1,0,0,42845574.75563544,414689737.69912916,84600000.0,1260.0510525818754,0.0,0.007978606605255466,0.009536220780354186
308,0,1,0,0,0,0,0,0,0,7,2,0,0,2,0,1,3,3,0,1,5,0,0,0,560483673.7373688,248862192.57076332,115300000.0,0.0,0.024717535232886636,0.9662849778048193,0.041672733293844216
309,0,0,0,0,0,0,0,0,3,3,3,3,3,3,3,6,1,1,0,6,5,3,0,1,856302637.2446837,466179677.1913757,0.0,11618.020921321644,0.08127359744676681,0.00022645622692951266,0.0
310,1,1,0,0,0,0,0,0,0,0,4,0,0,3,0,7,0,0,2,5,5,3,0,0,4227346.108119677,193437757.27442876,563700000.0,0.0,0.0049200756888682666,0.0,0.0
311,0,1,0,0,0,0,0,0,0,6,1,0,0,2,0,7,7,0,2,5,7,0,0,0,138333381.6004192,258264221.23662043,30700000.0,0.0,0.0626792564830578,0.0,0.06242204042475632
312,0,1,0,0,0,0,1,0,0,5,0,0,3,3,0,7,0,0,5,2,1,0,0,0,137709092.8924827,216692436.85451922,371400000.0,0.0,0.02261219948514866,0.0,0.10047436293229359
313,0,1,0,0,0,0,0,0,1,0,2,6,0,2,0,7,3,0,7,2,1,0,0,1,1816580134.1883929,266975163.9826967,30700000.0,10636.753522347733,0.46367035012869867,0.0,0.0
314,0,0,0,0,0,0,0,0,2,7,3,0,0,3,0,6,3,4,2,2,3,2,0,0,43804605.8185538,318636913.3485571,30700000.0,2138.016220754264,0.00236494103638166,0.0,0.004056160248352129
315,0,0,0,0,0,0,0,0,0,7,3,3,7,0,0,1,3,4,3,3,6,0,0,0,705964107.5549786,362867000.44497705,0.0,0.0,0.0013991368378403724,1.337763837101202,0.034210962395415226
316,0,1,0,0,0,0,0,0,3,9,0,0,0,1,0,0,0,4,6,2,2,0,0,3,1291004917.7720697,211413855.1073562,115300000.0,70832.33619758763,0.002966104227946396,0.2684532370682357,0.0
317,0,0,0,0,0,0,0,0,0,6,0,3,0,2,0,0,4,4,1,3,2,0,0,0,817902593.752734,235328166.68083566,0.0,0.0,0.09984061211470051,1.3302408409172843,0.03121102021237816
318,0,0,0,0,0,0,0,0,0,0,0,7,0,2,0,0,3,0,1,2,6,0,0,0,1979420963.1964948,162980195.0069807,30700000.0,0.0,1.2893619542406292,0.29835404910913976,0.0
319,0,1,0,0,0,0,0,0,3,7,0,7,7,1,0,7,2,2,3,6,2,0,0,0,109501254.65389277,400606129.3801299,30700000.0,6974.121884705151,0.0003357928410816894,0.0,0.012260077233324895
320,0,1,0,0,0,0,0,0,0,6,5,0,0,3,0,0,7,0,6,2,0,1,0,0,350536487.82496923,255402737.19414458,146000000.0,0.0,0.014007991468200837,0.6103399552816591,0.02704106832234753
321,0,1,0,0,0,0,0,0,2,7,3,0,1,6,7,5,7,4,2,3,3,2,1,0,6656734.347710932,510472033.2140426,61400000.0,289.78910512806755,0.0009650703835570328,0.0002602154085281182,0.0
322,0,1,0,0,0,0,0,0,3,0,0,0,0,2,0,0,3,0,7,3,2,5,0,0,669989751.134657,138909770.02176195,448400000.0,23787.653894431718,0.028819466871423123,0.07263667356916409,0.0
323,0,1,1,0,0,0,0,0,3,3,0,3,0,0,0,0,0,0,1,6,7,5,0,0,2133028899.4951417,163125575.10108706,400400000.0,45407.118825230194,0.13747774870368695,0.09173668596483114,0.0
324,0,1,0,0,0,0,0,0,3,1,0,7,1,2,0,1,0,0,5,1,6,0,0,0,2478472319.751202,239931868.23469704,30700000.0,55083.38049217604,0.15393638211049102,0.1292591808099529,0.0
325,0,1,0,0,0,0,0,0,0,0,0,0,0,0,0,0,0,0,4,5,5,1,1,0,2952065040.640046,88263365.10984257,230600000.0,0.0,1.7018246089093112,0.6584534732866623,0.0
326,0,0,0,1,0,0,0,0,0,0,0,0,0,0,0,0,0,0,5,6,1,0,0,0,3265659638.4013257,35104935.44747798,454300000.0,0.0,1.7018246089093112,1.187550078513027,0.0
327,0,0,0,0,0,0,0,0,3,4,1,0,4,6,0,7,0,0,7,2,4,2,0,0,41670128.24890825,312606605.07359225,417700000.0,2696.2710979207577,0.0,0.0,0.0048673922980225545
328,0,0,0,0,0,0,0,0,1,7,0,3,6,5,3,0,3,4,4,3,7,0,7,0,882385830.7427435,464608464.9700371,0.0,23330.727603206662,0.0010073785232450681,0.6095930212884221,0.0
329,0,0,0,0,0,0,0,0,0,7,0,0,0,0,0,1,0,3,3,2,0,0,0,0,1460219780.9347858,130026285.18782915,169200000.0,0.0,0.07044913550566935,2.512243549398015,0.0
330,1,1,0,0,0,0,0,0,0,0,0,1,0,0,0,0,0,7,2,5,1,1,0,0,2834037125.7902217,119120746.98964228,92100000.0,0.0,1.924204776381138,0.025826723799442116,0.0
331,0,0,0,0,0,0,0,0,0,9,0,0,3,3,7,1,3,7,3,6,0,9,0,3,488515505.0521096,476740803.11763394,30700000.0,0.0,0.0,0.9687628539216062,0.0
332,0,1,0,1,0,0,0,0,0,1,0,0,0,2,1,0,0,0,1,5,5,2,0,0,1926999417.7107768,175303940.64542818,623500000.0,0.0,0.019349728645646512,3.230970450889286,0.0
333,0,1,0,0,0,0,0,0,0,5,2,0,0,2,0,1,0,0,1,1,4,0,0,0,1641266291.7495918,184387443.28016862,115300000.0,0.0,0.03224455766211757,2.744724268628876,0.0
334,0,0,0,0,0,0,0,0,1,4,5,0,0,3,0,1,0,4,4,5,3,1,0,0,1065729117.4249905,263863759.25570935,199900000.0,28296.26635768761,0.005175905089388151,0.6703879852223914,0.0004317869968646424
335,1,1,0,1,0,0,0,0,0,5,3,1,0,2,0,7,3,0,2,6,2,0,0,0,43743283.733841896,284819534.1243358,267200000.0,0.0,0.017179687706106107,0.0,0.02304862380952447
336,0,0,1,1,0,0,0,0,3,3,0,0,0,0,0,2,0,0,5,5,3,0,0,0,2313605804.097474,100450934.08450752,327000000.0,35270.80989086829,0.16974379906481146,0.03862155614208146,0.0
337,0,1,0,0,0,0,0,0,0,6,5,0,0,2,0,0,3,3,1,2,5,0,0,0,410738444.4621182,246671952.22451538,146000000.0,0.0,0.024098077704917766,0.6604096003223364,0.04499411508144788
338,0,0,0,0,0,0,0,0,3,9,0,0,3,2,0,1,3,7,3,7,3,5,3,3,488515505.0521096,413284243.42371356,30700000.0,29621.46355000457,0.0,0.11625154247059272,0.0
339,0,1,0,0,0,0,0,0,0,7,0,0,0,2,0,1,0,0,4,3,6,1,0,0,567803980.7373408,191582453.91724905,448400000.0,0.0,0.024098077704917766,0.9294037589785812,0.0
340,0,0,0,0,0,0,0,0,0,6,1,0,7,2,0,1,4,3,1,2,3,0,0,5,556833204.6761961,364362242.12624377,30700000.0,0.0,0.03867666027169162,0.9457416552554077,0.03126933961883142
341,0,0,0,0,0,0,0,0,0,6,4,0,6,2,0,0,0,7,2,1,0,0,0,0,1351020057.0880587,285993685.9976767,84600000.0,0.0,0.0,2.3893875912694402,0.0322007423690883
342,0,0,0,0,0,0,0,0,0,7,1,0,7,1,0,1,5,2,3,5,6,2,0,4,611616218.7789456,408845489.6952875,0.0,0.0,0.0013991368378403724,1.2412293187666186,0.0
343,0,0,0,0,1,0,0,0,3,0,0,0,0,0,0,6,0,0,7,1,1,3,0,0,720365027.6627942,92278904.12339266,672100000.0,8662.866023397644,0.05747343997557492,0.0,0.0
344,0,0,0,0,0,0,0,0,0,7,5,3,2,2,0,7,7,3,0,2,5,0,0,0,102862600.98457241,423749605.4076562,84600000.0,0.0,0.0052949779773388585,0.021831622819261477,0.07844982951094077
345,0,0,0,0,0,0,0,0,0,8,0,3,1,3,0,1,5,3,4,2,0,0,0,0,681501919.7409,317122282.23496634,0.0,0.0,0.014747036806177786,1.2389048533954667,0.05394129947718711
346,0,0,0,0,0,0,0,0,0,0,1,0,0,0,0,0,3,3,3,4,4,1,0,0,1011016045.8027356,140137333.84597647,253800000.0,0.0,0.1202952222427301,1.66722662107109,0.0
347,1,1,0,1,0,0,0,0,2,5,7,1,0,1,0,0,0,0,5,1,5,0,0,0,1097146250.4762945,253840094.92510933,351800000.0,47444.20268657167,0.0027953026827872143,0.2730633579843047,0.0
348,0,1,0,0,0,0,0,0,1,0,2,0,0,0,0,1,0,0,3,2,6,2,0,0,2831273159.4606056,116584797.47661312,115300000.0,21906.70107427412,0.6132598226266074,0.16435743540599212,0.0
349,0,1,0,0,0,0,0,0,0,0,0,0,0,0,0,1,3,3,5,2,1,0,1,0,678901912.5447754,125779320.30361421,284500000.0,0.0,0.15246125181380438,0.9082326480557097,0.0
350,0,1,0,0,0,0,0,0,0,5,1,7,0,2,0,5,7,0,3,2,4,0,0,0,122714184.20278642,316137581.9490455,146000000.0,0.0,0.031625100134148695,0.0,0.08450450669266221
351,0,0,0,0,0,0,0,0,1,6,2,0,0,2,0,0,0,3,0,3,0,1,0,0,1624858592.024509,206800854.78682783,84600000.0,40743.313735955446,0.0122662804043643,1.0282079429826547,0.0
352,0,1,0,0,0,0,0,0,0,7,0,0,0,1,0,4,0,0,2,5,7,0,0,0,112796106.29969172,170001036.2704676,417700000.0,0.0,0.024717535232886636,0.11775755597299163,0.020923426162932114
353,0,1,0,0,0,0,0,0,0,7,0,3,6,2,0,7,3,4,2,3,4,1,1,3,28379052.483077884,453088338.0019443,30700000.0,0.0,0.002798273675680745,0.0008736232344257176,0.023727519855175516
354,0,0,0,0,0,0,0,0,0,7,1,0,0,3,0,6,4,4,2,2,7,0,0,0,107435907.26613317,289479922.1501624,0.0,0.0,0.03546176056192259,0.0,0.06691209446956885
355,0,1,1,1,0,0,0,0,3,6,1,0,0,1,0,1,0,0,1,1,4,0,0,0,224273743.9100144,182485999.71459582,473000000.0,11774.179138019286,0.0017802249029158714,0.04323991862410895,0.0
356,0,0,0,0,0,0,0,0,0,4,0,0,0,3,0,10,1,3,0,1,7,2,1,1,145054640.96934536,306447668.0422201,115300000.0,0.0,0.10108003876092,0.0012137226499638147,0.0
357,0,0,0,0,0,0,0,0,0,0,5,0,0,2,0,0,7,4,0,2,4,0,0,0,2234438225.5280285,182118212.53865808,0.0,0.0,1.436034957664168,0.40327572429461256,0.0
358,0,0,0,0,0,0,0,0,0,6,0,0,6,2,0,0,3,0,3,3,7,0,0,0,1158188715.4539752,238593183.24706924,169200000.0,0.0,0.0,2.16376516535829,0.0
359,0,1,0,0,0,0,0,0,3,6,0,3,5,2,0,8,0,3,3,5,4,3,0,0,0.0,355194886.25859207,115300000.0,0.0,0.0,0.0,0.0
360,0,0,0,0,0,0,0,0,3,6,1,0,0,7,0,1,0,3,4,3,0,1,1,0,1456242664.000466,289649137.23488927,0.0,74931.64008949348,0.0073758625460437835,0.3021751486213699,0.0
361,0,0,0,0,0,0,0,0,3,3,0,0,0,0,0,0,3,0,7,2,1,0,0,0,2735208220.446403,98580147.33040503,84600000.0,62229.30673985969,0.16974379906481146,0.1435994967597279,0.0
362,0,0,1,0,0,0,0,0,1,0,0,0,0,0,0,0,0,4,5,5,4,3,0,0,1994036608.548971,94484197.75695668,641400000.0,37790.66538607991,0.17738586386139685,0.8075119570873958,0.0
363,0,1,0,1,0,0,0,0,0,6,2,0,0,2,0,1,3,3,1,4,4,7,0,0,110261961.12030865,294124917.8952148,485000000.0,0.0,0.009652665276875175,0.20105622710174925,0.0
364,0,1,0,0,0,0,0,0,0,4,1,7,0,0,0,3,7,0,2,1,7,3,0,0,1432601284.8631654,288117054.894955,30700000.0,0.0,1.0530957890327963,0.0,0.0
365,0,1,0,0,0,0,0,0,3,4,1,7,0,0,0,0,3,7,1,2,7,0,0,0,1489971618.1488662,257576717.53157824,61400000.0,21642.959361146284,0.1263271519636569,0.008916472381859065,0.002111089466771203
366,0,0,0,0,0,0,0,0,0,0,0,7,0,3,0,0,3,0,1,4,7,0,0,0,2027599907.5163312,173397653.78412417,199900000.0,0.0,1.134549739272874,0.7343416830098433,0.0
367,0,1,0,0,0,0,0,0,3,3,0,0,0,0,0,0,0,0,0,3,6,0,4,0,1999774601.9826107,98043349.85233226,199900000.0,105044.54207852078,0.007651580877346504,0.39268259879781053,0.0
368,0,1,0,0,0,0,0,0,0,0,4,0,0,2,0,0,0,3,1,5,5,3,0,0,1291037804.87829,176524800.18839487,146000000.0,0.0,0.626097641663342,0.7647382133087252,0.0
369,0,0,0,0,0,0,0,0,0,0,5,0,0,0,0,0,0,4,2,6,3,1,0,0,2131164039.6677794,137266897.80067992,169200000.0,0.0,0.6152487017340911,2.4006095455190417,0.0
370,1,1,0,0,0,0,0,0,0,3,0,0,0,1,0,1,0,0,1,6,4,5,0,1,2126990255.063212,198733367.1736654,176700000.0,0.0,1.414531658873429,0.0,0.0
371,0,1,0,0,0,0,0,0,1,0,4,0,0,1,0,0,0,1,2,2,6,1,3,0,2311709930.4984226,192389067.27500096,199900000.0,44857.98942462253,0.20794136066356836,0.9414166256264144,0.0
372,0,0,0,0,0,0,0,0,0,7,0,0,7,2,0,0,1,6,2,2,0,1,0,0,1316408190.7649887,288608707.8834038,84600000.0,0.0,0.0,2.3893875912694402,0.0011885188148114893
373,0,0,0,0,1,0,0,0,3,3,0,0,0,0,0,0,0,0,0,6,4,3,0,0,2081761412.4832597,97090189.99866675,290400000.0,107293.07863805268,0.010842204891476062,0.41007554065221385,0.0
374,0,0,0,0,0,0,0,0,0,0,0,1,0,2,0,5,4,3,1,1,5,0,0,0,2819191871.979723,192983395.68648273,0.0,0.0,1.924204776381138,0.0,0.0
375,0,0,0,0,0,0,0,0,0,7,0,0,5,2,0,6,1,6,3,2,6,1,0,0,52089263.07453853,330646531.9422076,84600000.0,0.0,0.0,0.07298722709946552,0.015897571790796743
376,0,0,0,0,0,0,0,0,0,0,0,0,0,0,0,0,3,0,0,4,0,0,0,0,2713503601.9311686,33893227.81352643,115300000.0,0.0,1.7034995072961316,0.2994554063068847,0.0
377,0,0,0,0,0,0,1,0,2,3,0,0,0,0,0,0,0,2,0,1,0,1,7,0,1479897757.5526717,141520981.9657863,540600000.0,64602.35470747841,0.00646988136173519,0.3753572847440374,0.0
378,0,1,0,0,0,0,0,0,1,0,3,0,0,0,0,0,1,1,2,2,5,0,1,0,2709102932.2978725,136455765.11763933,115300000.0,25299.888134625224,0.5439075390051586,0.28125575836407235,0.0
379,0,1,0,0,0,0,0,0,0,7,5,3,6,2,0,7,7,0,3,5,7,1,0,0,42019388.51225935,460054584.355374,30700000.0,0.0,0.0013991368378403724,0.0,0.03915117187894847
380,0,0,0,0,0,0,0,0,0,7,5,0,0,2,0,0,0,3,1,2,5,0,0,0,1626438308.0093746,229585501.62365693,0.0,0.0,0.03546176056192259,2.8561331749518186,0.0
381,0,1,0,0,0,0,0,0,0,7,1,0,4,1,0,1,1,3,0,2,5,0,0,0,719840547.1791407,292951085.26414883,115300000.0,0.0,0.0,1.288819760323184,0.031379424138157676
382,0,1,0,0,0,0,0,0,3,6,4,0,1,2,0,1,7,0,5,1,7,0,0,0,538988621.7930143,293462410.4860633,115300000.0,33241.541011670146,0.0006204012657418394,0.10992984461405764,0.008224761910100608
383,0,1,0,0,0,0,0,0,0,7,5,3,0,2,0,6,2,3,3,1,6,0,0,0,114769095.2714414,362555220.5195866,61400000.0,0.0,0.025486837143606184,0.0,0.08450450669266221
384,0,0,0,0,0,0,0,0,0,7,0,0,0,2,0,0,1,6,0,2,1,1,0,0,1345502122.1768546,202857877.14882338,169200000.0,0.0,0.034073001123234165,2.3857499192722034,0.0
385,0,0,0,0,0,0,0,0,0,7,0,0,7,2,0,1,0,1,3,5,7,0,0,0,1922197258.5724053,276274829.3825217,0.0,0.0,0.0041974105135211175,3.37744978112423,0.0
386,0,1,0,0,0,0,0,0,1,4,2,6,0,2,0,6,3,0,7,2,0,0,1,1,61274538.47491082,343029341.3001403,146000000.0,914.4444253146107,0.014282540093153925,0.0,0.004182269867486846
387,0,0,0,1,0,0,0,0,0,4,0,0,1,0,0,2,0,0,5,5,0,3,0,1,1198074807.400472,190467387.15849406,290400000.0,0.0,0.027287064044710988,2.066228609657704,0.0
388,0,0,0,0,0,0,0,0,0,0,0,7,0,0,0,0,0,4,2,2,7,1,0,0,2047924328.8134954,151066599.43330386,30700000.0,0.0,1.2985694578299698,0.3823390623261224,0.0
389,0,1,0,0,0,0,0,0,3,0,5,0,0,2,0,0,4,4,0,2,4,0,0,0,923232714.5347537,171096996.56646818,146000000.0,20759.613609753964,0.07115727602326671,0.019884840078184474,0.007889210665483197
390,0,0,0,0,0,0,0,0,2,0,0,7,0,3,0,0,0,3,2,2,6,0,0,0,1439139218.050652,169750566.96153864,284500000.0,58808.84915573574,0.01455243445362243,0.34323909208577613,0.0
391,0,1,0,0,0,0,0,0,3,4,0,0,0,6,0,0,6,1,2,5,7,0,0,0,646315320.0527356,207338688.35949475,199900000.0,39906.12549234478,0.0017253016964627172,0.13308685171827592,0.008119502343751995
392,0,1,0,0,0,0,0,0,0,3,5,0,0,2,0,0,0,2,4,5,4,0,0,0,1803332168.7615979,202449126.4505848,30700000.0,0.0,0.6517416132227435,1.6168471508258073,0.0
393,0,1,0,0,0,0,0,0,1,7,0,0,0,6,0,4,4,3,2,1,0,0,0,0,94964606.02639538,236541780.8437789,248500000.0,2813.939357586366,0.005175905089388151,0.004939422572351794,0.024674285730301823
394,0,1,0,1,0,0,0,0,3,4,0,1,0,3,0,0,4,4,1,1,1,0,0,0,669818904.6185616,209311354.08600548,236500000.0,36976.21693091519,0.009520487188727009,0.1304623848329449,0.0011846282221330987
395,0,0,0,0,0,0,0,0,0,4,3,0,0,2,0,0,0,3,1,6,5,3,0,0,2037347187.5933142,226932207.40451843,0.0,0.0,0.6547690669591005,2.0771258210479675,0.0
396,0,1,0,0,0,0,0,0,0,3,0,0,0,1,1,0,0,0,1,6,1,2,0,1,1950667555.836471,201778566.13855124,417700000.0,0.0,0.024717535232886636,3.2793986834268853,0.0
397,0,0,0,0,0,0,0,0,0,0,7,0,0,0,0,0,3,3,0,5,0,0,0,0,707520562.4125959,130170171.76298536,284500000.0,0.0,0.07957544554564674,1.1969804333401592,0.0
398,0,1,0,0,0,0,0,0,1,7,0,0,1,5,0,7,5,4,2,3,4,1,1,3,23243831.272724893,389229068.71292466,30700000.0,578.6589995328633,0.0033685357183984178,0.0,0.00435963728037634
399,0,0,0,0,0,0,0,0,0,0,0,7,0,3,0,1,3,6,0,2,6,0,0,0,1891563040.3482313,218014828.10656327,30700000.0,0.0,1.2842023210919324,0.08037331416300633,0.033948734492810786
400,0,1,0,0,0,0,0,0,0,0,0,0,0,0,0,1,3,3,5,1,2,1,0,0,813885857.2907811,125555968.47950234,581600000.0,0.0,0.47894533312979093,0.18401183513835123,0.0
401,0,1,0,0,0,0,0,0,3,0,0,0,0,2,1,0,0,0,1,6,6,2,0,1,1100969912.4786105,173338950.1697912,533000000.0,59031.868024906216,0.002286364150387116,0.2198730316338301,0.0
402,0,1,0,0,0,0,0,0,0,7,0,0,0,1,0,5,0,0,3,2,7,0,0,0,128727047.3300758,168616246.7384705,199900000.0,0.0,0.024717535232886636,0.06576854209736895,0.06056933106338462
403,0,0,0,0,0,0,0,0,3,6,0,3,0,4,0,0,4,4,1,0,1,0,4,1,780261464.6553153,297291982.883526,0.0,41249.617389264946,0.011345476096483398,0.15997239116279238,0.0
404,0,1,0,0,0,0,0,0,3,3,3,1,0,3,0,0,0,5,0,2,2,0,0,0,1885897229.9151366,220880746.89026216,115300000.0,79439.48427063486,0.056581266354937154,0.26180753766796633,0.00376553089657892
405,0,0,0,0,0,0,0,0,0,7,1,0,7,1,0,7,0,0,0,4,7,0,0,0,114090069.57569362,291435010.0746506,84600000.0,0.0,0.0,0.058927315068553865,0.07486319781964265
406,0,0,0,0,0,0,1,0,0,4,0,0,0,0,0,3,0,0,1,5,0,0,0,0,684594204.218122,89813781.80815229,643100000.0,0.0,0.07044913550566935,1.1110760951710201,0.0
407,0,0,0,0,0,0,0,0,0,4,5,0,0,3,0,0,0,0,1,2,1,0,0,0,2469827112.0874405,178321692.55780855,0.0,0.0,0.6519915480817239,2.7737258875963486,0.0
408,0,1,0,0,0,0,0,0,0,0,6,0,0,3,0,0,0,5,3,2,4,0,0,1,1330045290.6186376,190427519.84366506,61400000.0,0.0,0.7131583653190677,0.6784596077604886,0.0
409,0,1,0,0,0,0,0,0,3,3,0,1,0,0,0,0,4,4,3,1,1,0,0,0,2912854725.813709,157733382.35186365,30700000.0,38384.93167004543,0.23090457316573654,0.022117106983744545,0.0
410,0,1,0,0,0,0,0,0,3,3,0,0,0,6,0,0,4,1,4,2,1,0,0,0,2663405828.918447,183773936.7307278,115300000.0,59449.760526207305,0.16974379906481146,0.12646512234259863,0.0
411,0,0,0,0,0,0,0,0,3,0,1,7,3,5,7,6,0,3,4,2,2,0,1,0,1826035967.8721924,425731933.7634634,0.0,22551.892296170074,0.15393638211049102,0.0,0.0016224640993408514
412,0,1,0,0,0,0,0,0,0,3,0,0,0,1,0,1,0,0,1,4,3,3,0,0,1631741486.8333812,157534575.51785535,635500000.0,0.0,0.024717535232886636,2.744724268628876,0.0
413,1,0,0,0,0,0,0,0,0,7,0,0,7,2,0,1,4,1,1,2,4,0,0,0,559995511.5649271,291871187.03042984,115300000.0,0.0,0.0,0.9679007571037758,0.06477210237733844
414,0,0,0,0,0,0,0,0,0,9,7,0,3,2,0,1,3,0,0,1,2,6,0,0,522783482.0511629,372166930.1810908,30700000.0,0.0,0.0,1.0234476616315138,0.0
415,1,0,0,0,0,0,0,0,0,0,1,0,1,2,0,7,4,3,3,4,4,1,0,0,84590712.16834769,274346043.5932056,284500000.0,0.0,0.06015401315176683,0.0,0.0024302869182736115
416,0,1,0,0,0,0,0,0,1,7,0,0,0,6,0,0,2,4,2,3,4,0,1,3,782865827.5196277,268858344.26396185,30700000.0,21897.535618132264,0.006683237010561052,0.5211185010773711,0.0
417,1,0,1,0,0,0,0,0,0,0,0,0,7,1,0,1,0,3,6,6,4,0,5,0,216859857.7712465,246196678.60869282,787400000.0,0.0,0.0,0.3853178878944691,0.0
418,0,0,0,0,0,0,0,0,0,7,3,1,7,2,0,0,0,2,0,5,6,0,0,0,1918241495.7118788,343009095.2922809,0.0,0.0,0.0013991368378403724,3.3775177427795104,0.0
419,0,0,0,0,0,0,0,0,4,4,2,0,0,0,0,0,0,0,1,2,4,3,0,0,2136476388.178585,145440695.47180876,84600000.0,126056.09069027743,0.011866462507772227,0.42562206628641597,0.0
420,0,1,0,0,0,0,0,0,0,0,0,3,0,0,0,1,3,0,5,1,1,2,0,0,1793284217.6576738,141472406.1634425,333100000.0,0.0,1.1558041305988365,0.2404072642427661,0.0
421,1,0,0,1,0,1,0,0,0,0,0,0,0,5,0,0,0,0,2,0,0,3,0,0,2759522632.151091,97093709.19264105,741100000.0,0.0,1.7018246089093112,0.3350744623402499,0.0
422,1,0,0,0,0,0,0,0,3,7,0,0,7,1,3,1,0,0,0,2,6,0,0,0,1610780936.894856,293530496.1775037,199900000.0,85075.96672532914,0.0,0.3299842180316809,0.0
423,0,0,0,0,0,0,0,0,3,6,0,0,0,0,0,0,0,3,4,6,1,0,0,0,1490963400.7821918,117852506.5562711,30700000.0,75813.44453956044,0.01784221794359411,0.27505115684075393,0.0
424,0,1,0,0,0,0,0,0,0,4,4,0,0,2,0,0,0,3,1,6,5,3,0,0,1664349132.734753,233287945.42801923,30700000.0,0.0,0.6517416132227435,1.3926610173098437,0.0
425,0,0,0,1,0,0,0,0,0,0,1,0,0,0,0,0,0,0,4,2,3,0,0,0,3845925746.864909,61118447.10662545,321100000.0,0.0,1.7018246089093112,2.094634273226492,0.0
426,0,0,0,0,1,0,0,0,0,3,7,0,0,3,0,0,5,0,0,6,1,0,0,0,1210815905.2547472,214617178.3081118,205800000.0,0.0,0.47256747464715765,1.1817974457612364,0.0
427,0,0,0,0,0,0,0,0,3,7,0,0,1,1,0,0,0,0,2,2,2,0,1,0,2059534210.3168316,194533940.04564995,0.0,105018.10814411417,0.0035403925292304917,0.4265571445143054,0.0
428,0,1,0,0,0,0,0,0,1,0,7,0,0,3,0,3,3,3,3,2,0,0,0,7,777196154.9530888,257303578.1635177,115300000.0,6284.809727048797,0.2044199408755358,0.0065779563570172225,0.01202136416610507
429,1,0,0,0,0,1,0,1,0,3,0,0,0,3,0,0,0,0,2,6,1,2,0,0,1960241647.8164513,146775943.6633296,845300000.0,0.0,0.03521259205818126,3.2500534280509026,0.0
430,0,1,0,0,0,0,0,0,2,0,0,0,0,1,0,0,7,4,1,6,4,2,0,0,665934534.8327414,165052799.13499913,448400000.0,18995.040707030897,0.03602433358927891,0.08979100658165395,0.0
431,0,0,0,0,0,0,0,0,0,0,0,0,0,0,0,1,0,0,2,1,1,6,0,1,3113755340.2791743,112285841.02608764,84600000.0,0.0,1.7034995072961316,0.9485661938803633,0.0
432,0,1,0,0,0,0,0,0,3,0,7,7,0,1,0,1,7,4,4,3,2,0,0,0,926425065.3928579,311468120.4403596,30700000.0,18244.175301583608,0.07837564471937179,0.00964479769956076,0.0074906448509707586
433,0,0,0,0,0,0,0,0,0,3,0,0,0,0,0,0,3,0,7,3,1,0,0,0,2735208220.446403,100291060.72147782,84600000.0,0.0,1.414531658873429,1.1966624729977322,0.0
434,0,0,0,0,0,0,0,0,0,0,7,0,0,2,0,3,7,0,7,6,4,1,0,0,831448030.9091291,243234870.60677463,0.0,0.0,0.6547690669591005,0.0279632387978798,0.0
435,0,1,0,0,0,0,0,0,0,3,0,0,0,0,0,0,3,0,6,1,2,0,0,0,2912854725.813709,96084868.94313565,30700000.0,0.0,1.924204776381138,0.18430922486453788,0.0
436,0,1,0,0,0,0,1,0,0,4,3,0,7,0,0,4,0,0,2,5,0,0,0,0,129384038.5469352,215112162.98923808,704500000.0,0.0,0.0,0.05285985160765048,0.09725208994716832
437,0,0,0,0,0,0,0,0,0,0,5,7,0,0,0,0,0,0,1,2,7,4,0,0,3072822413.3345594,197631345.0257408,0.0,0.0,1.0622013200641633,2.709261456730685,0.0
438,0,0,0,0,0,0,0,0,2,6,3,0,0,0,0,0,0,0,4,9,1,0,0,0,1968441149.7049088,152687291.50353155,248500000.0,84253.15018444096,0.00646988136173519,0.49085324849726325,0.0
439,0,1,1,0,0,0,0,0,3,7,0,0,0,1,0,0,0,0,1,2,2,0,1,0,1102691802.0422308,153434449.96069992,182600000.0,59044.87261740171,0.002736195544157602,0.21845068638744372,0.0
440,1,1,0,0,0,0,0,0,3,7,0,0,0,2,0,1,0,4,1,2,4,0,0,0,420297641.2168491,183189159.11923456,146000000.0,23283.12038298278,0.0028917693245901314,0.07644471024898133,0.004014725668174131
441,0,1,0,0,0,0,0,0,1,0,5,0,0,1,0,0,1,1,1,2,5,0,1,0,2084217102.2677288,184693160.28027496,61400000.0,12992.177551797455,0.5169725847591005,0.03542004963903879,0.0
442,0,0,0,0,0,0,0,0,3,0,0,4,0,1,0,1,7,4,2,2,2,0,0,0,1880688620.7647235,199889918.36991754,217800000.0,31017.499043089123,0.1421881308986314,0.03780945969474748,0.0
443,0,1,0,0,0,0,0,0,0,0,0,0,0,0,0,1,0,0,1,1,2,1,0,0,1972346848.9860535,66035817.900951706,417700000.0,0.0,0.25400704054897344,2.713370845676706,0.0
444,0,0,0,0,0,0,0,0,0,0,5,0,2,0,0,0,0,0,3,2,4,0,0,0,2425748032.6731944,124822818.0791428,199900000.0,0.0,0.5776148907321345,2.793270987228266,0.0
445,0,1,0,0,0,0,0,0,3,7,7,0,1,1,0,0,0,0,4,2,2,0,1,0,1945167495.1214404,284231951.904325,30700000.0,103124.69634498257,0.0020278549298681286,0.39395046361793407,0.0
446,0,1,0,0,0,0,0,0,0,0,7,0,0,1,0,0,0,1,7,6,4,0,0,0,2176604552.45975,171874674.52681467,30700000.0,0.0,0.6545191321001201,2.1946981038684257,0.0
447,1,1,0,0,0,1,0,1,0,4,0,0,0,1,0,4,1,0,2,2,0,2,0,0,14839987.728319494,178467833.6538274,991300000.0,0.0,0.014760227066604799,0.0,0.0
448,0,1,0,0,0,0,0,0,0,7,0,0,7,2,0,0,5,5,0,1,6,3,0,0,324432308.0085963,308180625.8488325,146000000.0,0.0,0.0,0.6317556032366891,0.0
449,0,0,0,0,0,0,0,0,3,4,4,1,0,2,1,7,0,7,2,2,2,1,1,2,824504219.3878042,410581691.94527936,0.0,11841.411903763881,0.07823898576980683,0.0022246478723733734,0.0
450,0,0,0,0,0,0,0,0,0,8,0,0,6,2,0,1,0,0,3,2,5,0,0,0,2030703894.1804914,244682504.75687337,84600000.0,0.0,0.0,3.5557765285398206,0.0
451,0,1,0,0,0,0,0,0,0,0,0,0,0,1,0,0,0,0,2,1,2,2,0,0,3636198713.411249,88025274.20712626,199900000.0,0.0,1.7018246089093112,1.813971901385896,0.0
452,0,0,0,1,0,0,0,0,3,3,0,0,0,0,0,0,0,2,6,1,3,0,7,0,1417300879.7676423,139666828.8978663,623500000.0,77614.13726204836,0.005122693825053813,0.28682365296205703,0.0
453,0,1,0,0,0,0,0,0,0,2,6,0,3,3,0,7,3,2,3,1,6,0,0,1,856072368.6033413,353687394.7858014,61400000.0,0.0,0.6414015921270461,0.0,0.04779037545325963
454,0,0,0,0,0,0,0,0,0,7,3,0,3,1,0,1,0,3,7,7,5,3,1,0,1397391880.6345558,365178786.85354424,0.0,0.0,0.006683737416027279,2.5211355447233963,0.0
455,0,1,0,0,0,0,0,0,1,3,9,0,0,0,0,0,2,1,0,1,1,0,0,0,950256958.4349849,193334297.12832662,146000000.0,13845.414498463888,0.17982955292191605,0.20568333948237233,0.0033740601394205913
456,0,1,0,0,0,0,0,0,0,7,7,0,3,0,0,0,0,5,6,2,6,2,1,0,1257953975.3841617,323366986.5557863,115300000.0,0.0,0.0,2.222491477734329,0.0
457,0,1,0,0,0,0,0,0,0,6,5,3,0,2,0,0,3,3,4,2,5,0,0,0,438476227.5915642,313351318.19432455,61400000.0,0.0,0.046419872794678255,0.6542253162856738,0.04499411508144788
458,0,1,0,0,0,0,0,0,0,0,7,0,0,3,0,0,0,5,1,2,2,0,0,1,1592029317.474556,191830424.70264494,248500000.0,0.0,0.5685013334693007,1.4269478601375398,0.0011994083246240068
459,0,1,0,0,0,1,0,0,0,0,0,4,0,0,0,1,3,6,1,1,6,3,7,0,1712432759.2873154,234638581.8258072,402100000.0,0.0,1.165249974441687,0.03817718756448322,0.0
460,0,1,0,0,0,0,0,0,0,7,0,0,0,0,7,1,3,0,0,2,6,0,0,0,536270021.9005565,207572055.62094367,115300000.0,0.0,0.028755028274378626,0.9786304521491256,0.011556471687931419
461,0,1,0,0,0,0,0,0,1,7,3,0,0,3,0,0,1,6,2,2,5,0,1,0,530509150.99855095,275130348.2252021,146000000.0,14848.535806100435,0.0050428769285523,0.3313363530933354,0.0048673922980225545
462,0,1,0,0,0,0,0,0,0,0,0,3,0,0,0,0,0,0,2,6,6,0,0,0,2310257001.1307187,79552959.52641925,363800000.0,0.0,1.155434607929848,1.0491848537045876,0.0
463,0,0,0,0,0,0,0,0,0,7,0,0,6,1,0,0,0,3,3,2,0,0,1,0,1594446304.817233,246769945.19120374,84600000.0,0.0,0.0,2.859770846949055,0.0
464,0,0,0,0,0,0,0,0,0,0,4,3,0,0,0,0,4,4,3,2,4,1,0,0,2042166855.1866148,205897100.67067128,0.0,0.0,1.307674988861337,0.40327572429461256,0.0
465,0,0,0,0,0,0,0,0,0,8,0,0,1,3,0,1,5,3,1,2,0,0,0,0,681501919.7409,257609780.5259826,84600000.0,0.0,0.014747036806177786,1.2389048533954667,0.05394129947718711
466,0,0,0,0,0,0,0,0,0,7,2,0,0,2,0,4,3,2,1,2,6,0,0,0,181575373.23472404,268044203.33113584,0.0,0.0,0.03546176056192259,0.1662152467432604,0.06242204042475632
467,0,0,1,0,0,0,0,0,1,0,0,0,7,0,0,1,0,4,1,1,3,1,3,0,716647295.5795205,199244807.67311245,841300000.0,19002.76728696314,0.0,0.45675990911853226,0.0
468,0,0,0,0,0,0,0,0,2,0,4,0,7,2,0,6,0,3,1,2,4,0,1,0,823313214.3746992,286001350.3950312,84600000.0,9093.741652864994,0.09391464624950131,0.0,0.0
469,0,0,0,0,0,0,0,0,0,7,3,0,0,1,0,4,0,5,1,2,6,2,0,0,208651844.670099,274637129.0234163,0.0,0.0,0.05436587821960044,0.29785704335692553,0.0
470,0,1,1,0,0,0,0,0,3,3,0,0,0,1,0,0,0,0,0,2,2,0,0,0,3893004184.57789,95710436.23886871,236500000.0,121019.45859231461,0.16974379906481146,0.3555088430227707,0.0
471,1,1,0,0,0,1,0,1,3,3,7,0,3,0,0,7,0,5,5,6,1,5,0,0,0.0,307937522.2505052,1045200000.0,0.0,0.0,0.0,0.0
472,0,0,0,0,0,0,0,0,0,7,0,0,2,2,0,6,3,3,3,0,5,0,0,0,121470942.62318328,271192280.2185083,84600000.0,0.0,0.0052949779773388585,0.053786148216791105,0.08722141861256283
473,0,0,0,0,0,0,0,0,3,10,1,4,7,4,4,6,3,3,3,1,1,5,1,1,24317802.31832026,641485146.7615174,0.0,1297.618685790537,0.0,0.00649407858278871,0.0
474,0,1,0,0,0,0,0,0,0,0,3,3,0,0,0,0,0,6,1,2,2,2,1,0,1859871717.6781063,196835927.65246114,146000000.0,0.0,1.0533517135247208,0.5836743107824702,0.0
475,0,1,0,0,0,1,0,0,3,0,0,0,7,0,0,0,5,0,2,6,1,2,0,0,665740188.8543125,158755585.84741083,704500000.0,23595.685240640436,0.028819466871423123,0.071760488644206,0.0
476,0,0,0,0,0,0,0,0,1,0,0,4,0,3,0,1,3,0,0,5,3,0,0,0,2934352496.157673,162083452.2122361,0.0,19198.80868872828,0.6927137194972097,0.08278535798584621,0.0
477,0,1,0,0,0,0,0,0,0,2,4,0,0,2,0,0,3,2,0,2,0,0,0,0,451838066.6772509,187296394.93156114,230600000.0,0.0,0.04442499049715883,0.6718634133047644,0.04499411508144788
478,0,1,0,0,0,0,0,0,0,7,0,0,0,1,0,0,1,3,3,1,1,0,0,0,1188670557.453341,174382924.6555354,248500000.0,0.0,0.024717535232886636,2.058885503969295,0.010461713081466057
479,0,1,0,0,0,0,0,0,1,4,0,0,0,3,0,0,1,0,2,1,5,0,0,0,1839760140.1513982,142324845.2464784,115300000.0,45120.09522268792,0.0363888139539312,1.0497259368419094,0.0
480,0,1,0,0,0,0,0,0,1,7,0,0,0,7,0,4,2,1,6,1,0,0,0,0,104361662.9326733,238366868.1881994,115300000.0,3001.133945447067,0.005175905089388151,0.011517378929369017,0.024358507031255982
481,0,0,0,0,0,0,0,0,3,4,0,3,0,3,0,7,3,0,3,2,5,1,0,0,1831466848.0938084,263595749.08544004,0.0,22750.88735949566,0.15473843060041428,0.0,0.0013940899558289486
482,0,0,0,0,0,0,0,0,3,0,0,3,0,1,0,0,0,2,2,2,1,1,1,0,2774682939.8181653,176038274.76802054,115300000.0,49395.917190193264,0.19286122693862767,0.07689665251383626,0.0
483,0,1,0,0,0,0,0,0,3,4,4,0,0,5,0,0,0,3,1,5,4,3,0,0,1653670587.0233536,246166999.19561863,30700000.0,53830.60288098203,0.07696819105524551,0.16719880367072876,0.0
484,0,1,0,1,0,0,0,0,4,3,0,0,0,0,0,0,0,0,1,2,2,1,0,0,2887520931.5717745,89341830.70726019,182600000.0,42205.68703544943,0.23090457316573654,0.01374630806391353,0.0
485,0,1,0,0,0,0,0,0,0,0,0,7,7,1,0,0,0,0,2,5,7,0,0,0,2713973449.3904896,227054251.45101085,30700000.0,0.0,1.2842023210919324,1.4632224799315479,0.0
486,0,0,0,0,0,0,0,0,1,7,0,0,7,1,0,1,0,0,5,4,6,0,7,0,2036235360.7471771,293901860.0455494,0.0,50236.82838942759,0.0015110677848676022,1.280042850980484,0.0
487,0,0,0,0,0,0,0,0,2,7,0,0,4,6,0,0,1,0,2,3,0,0,0,5,2036235360.7471771,270392328.1744377,0.0,83400.9846308856,0.0006296115770281677,0.5333511879085351,0.0
488,0,0,0,0,0,0,0,0,0,4,0,0,6,0,0,0,0,0,3,5,0,0,1,7,2030703894.1804914,205329991.69079506,169200000.0,0.0,0.0,3.5557765285398206,0.0
489,0,1,0,0,0,0,0,0,0,0,0,0,0,0,0,0,0,1,2,1,0,2,3,0,3394725007.4191637,94430994.05175579,199900000.0,0.0,1.7018246089093112,1.4365839641432063,0.0
490,0,0,0,0,0,0,0,0,1,0,5,7,0,3,0,1,3,0,0,5,4,3,0,0,1624509618.539797,280632613.7821109,0.0,13773.250236451455,0.3758447710342605,0.13700778723671192,0.0
491,0,0,0,0,0,0,0,0,0,3,0,3,0,1,0,0,1,0,1,2,2,0,1,0,2937158263.3220744,194662988.8514768,0.0,0.0,1.3191577184810181,1.8157996991416954,0.0
492,0,1,0,0,0,0,0,0,3,7,3,0,7,2,0,1,4,3,5,6,4,0,7,0,479052186.5444928,409543627.9744846,30700000.0,29175.28782199047,0.0001678964205408447,0.11395136103413052,0.0
493,1,1,0,0,0,0,0,0,3,7,5,3,5,5,0,7,7,3,6,5,3,0,0,0,107848144.8323488,484015678.31759506,61400000.0,6959.051199758347,0.0001678964205408447,0.0,0.012298610049237903
494,0,1,0,0,0,0,0,0,0,7,0,0,6,0,7,0,0,1,0,5,1,0,1,0,1821092554.1307747,287757570.0587811,30700000.0,0.0,0.0041974105135211175,3.1061498712793023,0.0
495,0,0,0,0,0,0,0,0,0,7,4,4,7,0,0,7,3,3,2,2,7,1,0,0,42840597.678257674,426454731.1436138,30700000.0,0.0,0.0013991368378403724,0.0008736232344257176,0.0386584846209221
496,0,0,0,0,0,0,0,0,1,0,1,0,7,2,0,0,0,3,0,1,5,3,0,0,1307379279.32661,232499934.0615053,720100000.0,34555.38793695097,0.0,0.8295411175511561,0.0
497,0,1,0,0,0,0,0,0,3,7,1,0,5,1,1,0,0,4,2,6,3,1,3,0,1270568701.3040974,375625552.7987747,30700000.0,69486.12935886938,0.0001678964205408447,0.26899100336594806,0.0
498,0,1,0,0,0,0,0,0,0,3,0,0,0,0,0,0,0,0,6,1,6,0,0,0,1999774601.9826107,78534474.41363133,333100000.0,0.0,0.06376317397788756,3.272354989981755,0.0
499,1,1,0,0,0,0,0,0,0,0,3,3,0,1,0,0,0,2,1,2,3,0,1,0,1566700833.3079162,197771769.7437571,176700000.0,0.0,1.0442637977453884,0.12150075946644426,0.0
500,0,1,0,0,0,0,0,0,3,7,1,0,0,0,0,0,0,0,3,2,5,1,0,0,1125937389.2133136,164197306.11165142,146000000.0,60379.011517391074,0.0050428769285523,0.21972238390139728,0.0
501,0,1,0,0,0,0,0,0,3,0,0,0,0,0,0,0,3,2,5,1,1,1,0,0,2637104151.1999907,100032564.74131079,146000000.0,35564.66855867884,0.20441994087553578,0.01776800220863696,0.0
502,0,0,0,0,0,0,0,0,2,4,2,0,0,0,0,0,1,0,0,1,2,0,0,0,1777346382.969317,124665033.78938942,115300000.0,75399.87692766744,0.010735589170600069,0.4373858070174623,0.0
503,0,1,0,0,0,1,0,0,0,3,0,0,3,0,0,7,0,7,1,4,0,7,0,0,1302543.4196926996,228192381.1129468,789100000.0,0.0,0.0,0.0009003262218188391,0.0
504,0,0,0,0,0,0,0,0,0,3,1,0,0,0,0,3,0,0,1,2,7,0,0,0,888355471.7846541,132329511.36507413,302400000.0,0.0,0.07732601269444256,1.4588335076145031,0.0
505,0,1,0,0,0,0,0,0,1,7,4,1,0,2,0,0,0,3,2,2,5,0,1,0,749671484.4774188,295877496.47823036,61400000.0,20035.83924371823,0.009175261371698225,0.4576896950671124,0.0
506,0,0,0,0,0,0,0,0,3,7,7,0,7,6,0,1,0,2,2,3,0,0,0,0,1596022008.5233927,370816733.5627544,0.0,82148.77974473395,0.0001678964205408447,0.3431684239345698,0.0
507,0,0,0,0,0,0,0,0,0,7,0,0,1,1,0,7,0,3,0,6,5,0,0,0,123023867.30415437,236899637.51094157,84600000.0,0.0,0.025336992760855503,0.037454267285374196,0.07179442970092463
508,0,0,0,0,0,0,0,0,1,7,0,7,7,1,0,0,0,0,5,4,7,0,4,0,2034257479.316914,351259746.07037127,0.0,50220.20768110902,0.0010073785232450681,1.2800550840784344,0.0
509,0,1,0,0,0,0,0,1,0,0,0,0,0,1,0,4,1,0,1,0,0,3,0,0,36190051.10682832,124540173.44403578,1006900000.0,0.0,0.024098077704917766,0.02123084373429795,0.0
510,1,1,0,0,0,0,0,0,1,0,3,0,0,1,0,1,1,2,1,2,3,0,7,0,2250798755.5708737,212984410.74520057,176700000.0,13236.637926975105,0.5439075390051586,0.0,0.0
511,0,1,0,0,0,0,1,0,3,0,0,0,0,0,0,0,1,3,2,1,1,0,0,0,2788099747.639549,66407578.22622172,504600000.0,43953.12192703002,0.2046604800489482,0.04954062635585352,0.0
512,0,0,0,0,0,0,0,0,0,0,0,3,0,2,0,0,5,3,0,2,4,0,0,0,3022700305.966275,160234239.34221295,0.0,0.0,1.924204776381138,0.40327572429461256,0.0
513,0,1,0,0,0,0,0,0,0,0,7,0,2,2,0,0,3,5,0,2,5,0,0,0,924700014.0545857,231973005.39342663,61400000.0,0.0,0.6441998658027267,0.1243735815561696,0.04548680233947424
514,0,0,0,0,0,0,0,0,0,9,5,0,1,3,0,1,7,4,4,2,0,1,0,0,621722711.8368378,379372783.023035,0.0,0.0,0.014747036806177786,1.18667466709664,0.026982189425676886
515,1,1,0,0,0,1,0,0,0,0,0,3,3,0,0,0,0,5,1,2,0,0,0,0,521891386.52512705,132836026.33200404,735200000.0,0.0,0.16010814928568404,0.43799075852748875,0.034269841292085865
516,0,0,0,0,0,0,0,0,0,8,0,0,1,3,0,1,2,4,3,5,0,0,0,0,927230891.5134102,257146017.9889185,0.0,0.0,0.014747036806177786,1.6929105987042952,0.0322007423690883
517,0,1,0,0,0,0,0,0,3,7,0,0,1,0,0,0,0,0,4,5,3,0,0,0,1943587779.1365747,140178663.63198432,115300000.0,103090.55372232696,0.001861203797225518,0.39395046361793407,0.0
518,1,1,0,0,0,0,0,0,3,7,5,3,6,5,0,7,0,0,1,5,3,2,1,0,5229773.896104155,455128321.99722373,92100000.0,328.31820311205615,0.0001678964205408447,0.0002927406532731365,0.0
519,0,1,0,0,0,0,0,0,0,1,0,0,0,2,0,7,3,0,0,3,5,0,0,0,109258295.06201717,161045386.69698194,533000000.0,0.0,0.024098077704917766,0.0022299571425904467,0.07628448374573715
520,1,0,0,0,0,0,0,0,3,7,2,1,0,3,0,1,0,0,3,2,4,0,0,0,1621062941.1219816,255686293.26339668,115300000.0,85795.00131269061,0.0017253016964627172,0.32944639382901264,0.0
521,0,0,0,0,0,0,0,0,0,4,2,0,0,0,0,0,0,0,7,0,2,0,0,0,2136476388.178585,114000241.5903885,84600000.0,0.0,0.09888718756476857,3.546850552386799,0.0
522,1,0,0,0,0,0,1,0,0,4,0,0,0,0,0,2,0,0,1,2,0,0,0,0,612415368.7894676,83919190.1441767,673800000.0,0.0,0.04313254241156794,0.9927733802025439,0.0
523,0,0,0,0,0,0,0,0,4,9,6,7,0,5,3,7,7,3,3,3,6,1,1,2,35246296.27259379,626094393.4354182,0.0,2624.9818385255257,0.002817965420226774,0.0,0.0016224640993408514
524,0,0,0,0,0,0,0,0,0,0,1,0,0,0,0,0,0,0,3,1,5,1,0,0,1968441149.7049088,85837695.70846027,635500000.0,0.0,0.04313254241156794,3.272354989981755,0.0
525,0,1,0,0,0,0,1,0,0,4,3,0,6,0,0,3,0,0,3,5,0,0,1,7,92886147.82341298,277903174.2298703,486700000.0,0.0,0.0,0.1491527803824084,0.012879143512063786
526,0,0,0,0,0,0,0,0,0,0,6,0,0,0,0,0,0,0,4,2,4,0,0,0,2018105679.8917408,90660010.43436773,284500000.0,0.0,0.07957544554564674,3.2680274463095493,0.0
527,0,0,1,0,0,0,0,0,1,0,0,0,0,0,0,1,3,2,1,1,2,1,3,0,2636370355.3256273,147806046.27662653,321100000.0,17250.553525043426,0.612656859207352,0.054674515061141696,0.0
528,0,0,0,1,0,0,0,0,3,7,0,0,3,2,0,1,0,3,5,3,4,4,0,0,1322621850.2165115,275796293.97785676,592800000.0,70751.29806713096,6.341530136088173e-05,0.2842884124810629,0.0
529,0,0,0,0,0,0,0,0,0,3,7,0,0,0,0,1,0,2,1,3,3,0,7,0,1983412221.4274204,229807631.9363534,0.0,0.0,0.688367682464159,1.8985208414046384,0.0
530,0,0,0,0,0,0,0,0,0,8,2,0,7,3,0,1,7,6,7,2,1,1,0,0,609254288.0482281,412787790.06864375,0.0,0.0,0.0,1.1871459780710194,0.026982189425676886
531,0,0,0,1,0,0,0,0,0,0,1,0,0,0,0,1,5,0,7,5,3,0,0,0,469474611.3762013,123693512.5729049,538900000.0,0.0,0.12683219106126264,0.6121056220564525,0.0
532,1,1,0,0,0,0,0,0,1,0,3,0,0,1,0,0,2,0,7,2,1,0,0,0,872024330.7294438,134795055.02961144,261300000.0,8267.832546132893,0.2127127591410192,0.05506526985160021,0.00753243341865556
533,0,1,0,0,0,0,0,0,0,0,0,4,0,0,0,1,3,0,1,1,1,2,0,0,1792470518.7623336,140368108.34113157,115300000.0,0.0,1.1784819043937094,0.16590333214831096,0.0
534,0,1,0,0,0,0,0,0,3,7,7,0,3,0,0,0,0,0,2,1,1,1,3,1,1930231339.368499,308336656.96548915,30700000.0,102271.5452878408,0.0001678964205408447,0.39406560830893855,0.0
535,1,0,0,0,0,0,0,0,0,7,3,0,7,2,0,0,4,1,1,2,6,0,0,0,646168726.1678007,326579741.4969878,115300000.0,0.0,0.0,1.1802031032094087,0.042935895826089095
536,1,0,0,0,0,0,0,0,2,7,0,6,1,2,0,1,3,0,3,1,4,0,0,0,548429435.5042238,299341508.2512845,115300000.0,26370.25183875521,0.0007755015821772993,0.15311719841697535,0.003466941506379426
537,0,0,0,0,0,0,0,0,0,7,3,0,1,0,1,7,0,0,0,4,0,0,0,0,99453804.78892931,243358468.89563555,30700000.0,0.0,0.016898791082234403,0.002317598339875062,0.07288375350622238
538,1,1,0,0,0,0,0,0,3,7,5,3,6,5,0,0,0,0,1,5,3,2,1,0,459705021.56917745,420906760.2589012,92100000.0,24459.207590986858,0.0001678964205408447,0.09318335436989218,0.0
539,0,0,0,0,0,0,0,0,3,0,3,0,6,1,0,7,0,3,2,5,0,0,0,0,2819191871.979723,239130329.24443454,0.0,32479.70289529473,0.23090457316573654,0.0,0.0
540,1,0,0,0,1,0,0,0,4,5,2,0,0,0,0,0,0,0,0,2,5,3,0,0,1948926557.6239314,147564811.20244533,321100000.0,121824.65479830645,0.005122693825053813,0.3865387834525553,0.0
541,0,0,0,0,0,0,0,0,3,7,0,0,0,1,0,0,0,0,1,2,1,0,1,0,2087147043.3386133,152315918.346837,0.0,106619.7558123079,0.006857207651637273,0.4262230297448066,0.0
542,0,0,0,0,0,0,0,0,0,0,0,0,0,0,1,0,3,0,0,4,1,0,0,0,3056280413.119154,79368398.89509563,0.0,0.0,1.924204776381138,0.4592022018903722,0.0
543,0,0,0,0,0,0,0,0,0,7,3,0,6,0,1,7,3,1,0,6,0,0,0,0,90738213.41717446,340305231.16522056,30700000.0,0.0,0.0013991368378403724,0.002439505443942804,0.07900139566563778
544,0,1,0,0,0,0,0,0,0,4,3,0,0,0,0,6,0,0,2,6,1,0,0,0,98135733.19347408,156685404.2460777,533000000.0,0.0,0.04202397440460251,0.0,0.052777236669280074
545,0,0,0,0,0,0,1,0,3,7,0,0,7,0,0,1,0,3,2,3,0,0,0,0,1367142559.159366,203151719.64297026,558500000.0,71959.08245622583,0.0,0.2965523591310858,0.0
546,0,0,0,0,0,0,0,1,3,7,0,0,3,0,1,1,0,0,6,3,1,7,0,0,1112123267.4379888,254256424.21289447,673800000.0,58287.993561261486,0.0,0.22915744240831454,0.0
547,0,0,0,0,0,0,0,0,3,7,3,1,0,3,0,2,0,0,2,2,4,0,0,0,1743957999.0814807,263670028.57426217,0.0,88210.7808074691,0.00425541126743071,0.36216705920426284,0.0
548,0,1,0,0,0,1,0,0,0,3,0,0,0,1,0,6,0,3,2,0,0,0,0,5,59223947.22146508,185547051.68381578,807000000.0,0.0,0.024717535232886636,0.001788580756817007,0.03121102021237816
549,0,0,0,0,0,0,0,0,3,0,6,0,0,6,0,1,0,2,1,3,0,0,0,0,2036864185.0797374,185050083.60522598,0.0,67039.00490794555,0.0855790038382881,0.2278898758842361,0.0
550,0,1,0,0,0,0,0,0,3,7,2,0,0,3,0,0,7,3,3,2,5,0,0,0,396921097.50232834,257608298.99088922,146000000.0,24755.657515671384,0.0016809589761841001,0.0732407946337991,0.008224761910100608
551,0,0,0,0,0,0,0,0,1,1,0,0,0,0,0,7,3,2,1,1,3,0,0,0,2561616751.4994307,150449768.05800918,84600000.0,14926.066986140508,0.6132598226266074,0.0,0.0
552,0,1,0,0,1,0,0,0,3,0,7,0,0,2,0,1,0,6,1,4,4,3,0,1,215311132.74284258,249588590.18963197,654200000.0,11829.344647721779,0.0011583198332250208,0.04410357619993141,0.0
553,0,1,0,0,0,0,0,0,3,7,0,0,6,0,7,0,0,1,3,5,1,1,1,0,896492942.994158,324070625.5149262,61400000.0,48325.85977154062,0.0005036892616225341,0.18382873799871008,0.0
